47,אסף,2009-11-16,
   "קניתי את הטלויזיה לפני קצת יותר מחודש ואני יכול לומר שאני מאד מרוצה מהטלויזיה. ההורים שלי קנו אותה בגודל של 32 אינצ' ולאחר שראיתי את האיכות החלטתי לקנות גם לעצמי.    קלה ופשוטה לתפעול, הרבה כניסות, עיצוב יפה    כמעט מושלמת ובמחיר מצויין"
   ,732742
48,Mickey,2009-11-16,
   "הטלויזיה נפלאה. איכות תמונה מצויינת. השירות בסאם-ליין מעולה ואדיב.  העיצוב של הטלויזיה עדין ויפה. תענוג...  הסאונד שלה לא טוב בכלל. הרמקולים המובנים שמפיקים מקסימום 8 וואט, מותקנים מאחור והם מופנים אל הקיר שמאחורי הטלויזיה (כך זה בד"כ), ולכן הסאונד נשמע שמופק מתוך מעין קופסא חלולה וזה ממש לא נעים ומספק.    "
   ,732742
49,דן,2009-06-17,
   "רכשתי את הטלוויזיה לפני שבועיים, אין ספק טלוויזיה מעולה להפליא, מוצר שמספק אותי עד מאוד במיוחד שהייתי כה מבולבל משלל הטלוויזיות בשוק.  האיכות מדהימה, הצבעים, איכות הקול פשוט תמורה מלאה למחיר.  אני ממליץ למי שקונה אותה להוריד טיפה את הביהירות כיוון שהיא באה עם צבעים מאוד בהירים (יש לשחק טיפה עם ההגדרות).  כמו כן, אמליץ לכולם לקנות כבל סקארט, משפר פלאים את התמונה ורואים היטב.  בקיצור מי שחפש טלוויזיה במחיר מעולה, תמורה מלאה למחיר, ולא צריך את כל..."
   ,728120
50,יניב,2009-06-12,
   "קניתי את הטלויזיה הזאת לפני שבוע.איכות הצפייה היא ברמה ממש גבוהה.התמונה היא חלקה להפליא.  ממליץ בחום לרכוש את החיבור VRC האיכותי והעבה(במקום החיבור אדום,צהוב ולבן-הפשוט) הוא משנה פלאים את איכות התמונה.  שימו לב שאתם קונים מיבואן שנותן לכם 3 שנים אחריות ולא מאיזה חאפר.  יש USB מאחור,אבל אין ממה להתלהב  הוא לא לצפייה בתכנים אישיים אלא לשימוש טכנאי בלבד(במקרה ודרוש תיקון).  בעל אופציה לחסכון חשמל.(מוריד טיפה את הבהירות,ויש אפשרות לכבות את המסך..."
   ,728120
51,יהודה,2010-01-06,
   "מסך מעולה תמונה חדה קול באיכות ההתקנה היתה ידידותית לא לי אלא לחתני שהתקין עיצוב יפה מודרני רכשתי לאחר שעשיתי סקר מקיף ורחב ממליץ בחום גם המחיר סביר ביחס להצעות בשוק בקיצור גם אני נותן ציון 10 תאריך רכישה לפני שבוע דרך האתר"
   ,731232
52,gal,2009-11-08,
   "רכשתי את הטלוויזיה לפני כשבוע במחיר של 3570 ש"ח דרך Wallashops, לדעתי מחיר מצויין עבור הפלזמה הזו.  המחיר כולל התקנה שולחנית ע"י טכנאי שמגיע הביתה .  ממולץ לבדוק את זמן האחריות הניתנת."
   ,732552
53,משה,2009-10-08,
   "טלויזה זו ניקנתה לפני כ שבועים,   ולאחר בדיקת השווה בינה לבין LSD ( של אותו יצרן)  טלויזיה איכותית, איכות תמונה מעולה, ברמת גימור מעולה   מי שמחפש טלויזיה איכותית ובמחיר סביר ממולצת ביותר  למרות הרמקולים כל היתר מפצה על חיסרון זה .  בעיני טלויזיה בדרוג 5+++++ כוכבים  "
   ,732552
54,וסים,2009-09-19,
   "טלויזיה מדהימה ... עיצוב יפה, תמונה חדה ....  קניתי את הטלויזיה לפני כחודש... ועד רגע זה אני מאד מאד מרוצה ממנה ...   הטלויזיה בעלת מידות גדולות, היא תופסת מקום טוב בחדר, והרבה מהחברים שלי חשבו שהיא 42" ולא 37" ... העיצוב מאד מרשים.  הנתונים של המסך הם מהטובים ביותר היום ... זמן תגובה,בהירות,ניגדיות,Full HD ...  אחרי שחיברתי אותה לפלייסטיישן 3  נידהמתי מהאיכות שקיבלתי ... במשחקי 1080P התמונה ממש מדהימה ...  בשידור רגיל (תחנות לא HD) התמונה גם..."
   ,732933
55,רועי,2009-12-31,
   "טלוויזיה מדהימה, איכות צפייה מצויינת לאחר שינוי בהגדרות התצוגה - לא פלא שרואים טוב - טושיבה."
   ,735417
56,יפעת,2009-12-30,
   "טלויזיה נהדרת. מאוד פשוטה לתפעול (ניתן בקלות להעביר בשלט מחשב, די וי די, כבלים). ניתן לחברה ישירות למחשב בפשטות"
   ,735417
57,גנאדי,2009-12-14,
   "רציתי לרכוש מותג עם שם. התלבטתי בין Sharp 32 תוצרת יפן לבין טלויזיה הזאת שהיא תוצרת קוריאה אמיתית.  יתרון הכי גדול זה כניסת USB.  מונע צורך ב-DVD. איכות התמונה טובה. יש טלויזיות עם איכות יותר טובה, אך זאת מספקת בהחלט. אין כניסת SCART אבל אפשר להסתדר בלעדיה. מספיק כניסות אחרות. רמקולים באיכות טובה, אבל אפשר לקנות מתאם PL - RCA  ולחבר לטלויזיה רמקולים  של המחשב. תקבלו איכות שמע כמו בקולנוע ביתי. כניסת USB בצד הטלויזיה לא נוחה, אך אפשר לקנות..."
   ,735996
58,משה,2009-12-12,
   "קניתי את הטלויזיה לפני שבוע ,אחרי התלבטויות בין טלויזיות עם חיבור usb בחרתי בה ,בגלל המחיר והשם "
   ,735996
59,בועז ,2009-07-31,
   "טלוויזיה מעולה !! מרוצה עד השמיים - כסף לא משקר  דקה מאד - מעוצבת יפה - איכות תמונה משגעת גם בלי כיוונים מיוחדים  אני עובד עם ממיר הוט ואיכות התמונה ברוב הערוצים טובה מאד  על סרטים בHD בכלל אין מה לדבר - תמונה מדהימה !!!  בלותו'ת נחמד אם כי לדעתי מיותר למי שלא עובד עם אוזניות.  "
   ,728162
60,איציק,2009-07-13,
   "רכשתי את הטלויזיה ביולי 2009  תמונה חדה צבעים מרהיבים ללא מריחות. אני קולט דרך הלווין ולא מחובר לכבלים כנראה שבחיבור לכבלים התמונה עוד יכולה להשתפר. "
   ,728162
61,מור,2010-01-06,
   "אחלה טלויזיה, קניתי לפני חצי שנה ואני ממש מרוצה   "
   ,732318
62,ויטליק,2009-09-15,
   "אחרי סקר ארוך שכלל הרבה חנויות חשמל , שמעתי את אותן המילים "זאת ה  הטלויזה הטובה ביותר בשוק היום"  אצי היא מחוברת לממיר יס רגיל עם כבל קומפוננט שעולה 100 ש"ח והתמונה פשות מצויינת גם בשידורים רגילים , USB עובד מצויין התמונה מלאה בצבעים גם כשרואים שידורי ספורט"
   ,728174
63,Ronen,2009-06-23,
   "לאחר בדיקה של כמה דגמים החלטתי לרכוש את הדגם הנ"ל, מעבר להיותו FullHD אמיתי זהו דגם של 100Hz וחיבורים כמו USB ו-BlueTooth, ושניהם עובדים מצויין, ניתן לחבר כונן חיצוני עם סרטים וישר לראות בטלוויזיה עם תרגום.  נכון - אין לדגם זה כניסת 21 פינים (SCART) אך ניתן להשתמש בטרנסקודר SCART לקומפוננט שלדעתי נותן תמונה טובה יותר.  הטלוויזיה מחוברת לממיר דיגיטלי (לא HD) דרך הטרנסקודר ופשוט רואים נפלא ! תמונה חלקה ורציפה עם צבעים חיים, פשוט תענוג.  הרכבת..."
   ,728174
64,גדי,2009-07-27,
   "אומרים שאין דעה טובה מבעל נסיון... ובכן זוהי הפיליפס הרביעית שלי ואכן רואים את ההבדל... שילוב מנצח של טכנולוגיית האמבלייט הבלעדית לפיליפס אשר מאירה את הקיר בצידי המסך בתאורה צבעונית שגם נעימה לעיין וגם משפרת את חוויית הצפייה, ובתוספת 100HZ שמשלים את העניין  ותוספות חביבות של חיבור לאינטרנט (מיותר כשיש PS3) והיתרון הגדול הוא ששידרגו את כניסת ה-USB לתמיכה ב-DIVX מלא... והקצפת שבשמנת היא התמונה בשידור BR או סטרימר שמדהימה בכל פעם מחדש ומעלה את רף..."
   ,728145
65,אלכס,2009-07-20,
   "אחרי המלצות רבות החלטתי לקנות את המסך הזה ואני מאוד מבסוט מההחלטה.   מסך מולטימדיה מעולה , עם דפדפן אינטרנט ויוטיוב מובנה, יכולת לניגון קבצי MPG,VOB,AVI אפילו ברזולוציה של 1080. וכל זה ישירות דרך רשת ביתית (חיבור כבל רשת למסך ולראוטר) או דרך USB.  אהבתי מאוד שאפשר להזרים סרטי HD מהמחשב בחדר ישירות למסך בסלון בעזרת ראוטר אלחוטי בלבד (ללא צורך במחשב השני). תמונה חדה מאוד בניגון של וידאו HD . תמונה סבירה בשידורי SD (שידורים רגילים), לא הייתי אומר..."
   ,728145
66,אופיר,2009-11-06,
   "סוף סוף קניתי טלויזיה...ועוד איזו טלויזיה!לצערי, אין לי יס או הוט, אבל יש לי PS3 ,ועד עכשיו אני נהנה מכל רגע.התמונה מהממת... סרטי הבלו ריי נראים ממש טובים,השחורים טובים מאוד.אין מריחות והכל נראה סבבה.  חשבתי שהטלויזיה לא תתמודד טוב עם חיבור פשוט לשידורי SD ,אבל בכל זאת ניסיתי וחיברתי כבל אנטנה רגיל,ושוב נדהמתי...הטלויזיה מתמודדת טוב עם חיבור פשוט,אז אני משאר שדרך ממיר של יס (HD במיוחד) התמונה תראה עוד יותר טוב...  "
   ,732313
67,אורן,2009-09-09,
   "איכות תמונה טובה, 2 בעיות שבגלל זה החזרתי אותה  S - VIDEO אין חיבור....  וגם יש בעיה בטלוויזיה התמונה מתבהרת לבד... שזה ממש מעצבן זה מרגיז לראות סרטים ככה!  "
   ,732741
68,ניר,2009-09-03,
   "המלצה היא לא לקנות! הדגם הקודם היה בהרבה יותר טוב.  קניתי אותה ולאחר שבועיים שימוש החזרתי כי היו כתמים לבנים וירוקים עח המסך. בריחת צבעים המונית בתמונה. תמונה לא חלקה ולא יפה כמו בדגם A450 הקודם."
   ,732741
69,דני,2009-11-06,
   "טלויזיה טובה מאוד ביחד למחיר שלה. נותנת תמורה גבוה למדי.  איכות התמונה בשידור HD גבוה במיוחד, הSD (דרך ממיר של הוט) מעט מאכזב, אבל זה משהו שקורה בלא מעט טלויזיות.  "
   ,732913
70,יובל,2009-10-13,
   "יש לי את הטלויזיה הזו כשבועיים. היא טלויזיה מצויינת. רואים טוב גם בHD וגם בשידורים רגילים. את המסך מקיפה מסגרת שחורה דקה באופן יחסי וזה נותן מראה עדין לטלויזיה. יש תפריט בעברית (כמובן) שממש קל לתפעל אותו."
   ,732913
71,דוד,2009-11-10,
   "תמונה חמה ומצויינת, עם צבעים אמיתיים, תכנות ידידותי למשתמש, סאונד טוב מאוד. קלה מאוד ולכן ניתן להתקינה על הקיר לבד ללא עזרה. נרכשה ב  11.2009 בחרתי בה כי פנסוניק הינה אחת החברות היחידות שמייצרת בעצמה את המסכים שלה ולכן ידועה באיכותם הטובה."
   ,736219
72,שרון,2009-09-21,
   "הפלאסמה הזאת נותנת תחושה של מיני-קולנוע בבית בזכות הגודל.  מרשימה בעיצוב שחור מבריק ונקי ללא שטיקים עיצוביים מיותרים.  התמונה ממש טובה בהשוואה לטלוויזיות LCD ברמת הגודל שלה, וללא מריחות תמונה כלל.  התפריט בא בעיברית מלאה ופשוט מאוד להפעלה, מאחר והוא ברור ומנוסח בשפה פשוטה להבנה.  כניסת USB לשמיעת MP3 ולצפייה בתמונות.  התמונה טובה מאוד גם בשידור לווין רגיל ולא HD.  איכות הסאונד מצויינת ועוצמתית.  יש לי אותה כחודשיים ואני מסכם אותם בחווית צפיה..."
   ,724892
73,עדי,2009-08-11,
   "למרות שעל פי  המרחק צפייה מומלץ היה לי לרכוש טלויזייה שגודלה אינו עולה על 42" החלטתי לקחת סיכון וללכת על ה LG וזאת מכמה סיבות.  החשובה ביותר היא  מהירות סריקה של 600 HZ שמקנה תמונה חלקה ורציפה ללא מריחות בניגוד להרבה טלוויזיות אחרות שראיתי כולל יקרות הרבה יותר. והשנייה - רמת צבעים מעולה במיוחד בתנאי תאורה לא חזקים למי שאוהב תמונה  חזקה עם צבעים חיים ומודגשים. "
   ,724892
74,יובל,2009-12-31,
   "קניתי את הטלויזיה לסלון, טלויזיה טובה עם סאונד טוב,  והדבר הכי שווה בטלויזיה זאת כניסת ה-USB שקוראת לא רק שירים ותמונות אלא גם סרטי DIVX ותומכת בכתוביות (אמנם קטנות) בעברית.    (כדי לקבל כתוביות גדולות אני במחשב מאחד אותם עם הסרט תוך 2 דקות - מי שרוצה הסבר שיפנה במייל)    הבנתי שבעתיד תהיה גם תמיכה ל MKV בסדרת הטלויזיות האלה."
   ,735997
75,מאור,2009-11-04,
   "קניתי ב-30.10.09    מעוצבת ויפה.  איכות תמונה מצויינת, רמקולים לא רעים.  דגם חדש - אוגוסט 2009    מה שאותי הכי הלהיב זה הכניסת USB שיודעת לקרוא סרטי DivX וקבצי כתוביות בעברית.   פשוט לקחו מיני מחשב עם מערכת הפעלה ידידותית, פשוטה ובעברית ודחסו לתוך הטלוויזיה - מעלים את הצורך ב-DVD.    קניתי גם את אחותה הקטנה - אותו דגם רק 32".  הטלוויזיות זהות ולכן גם הביקורות."
   ,735997
76,אסף,2009-08-24,
   "קניתי לפני חודש -אני לא מבין גדול אבל מוצר מעולה .  אין מריחות ,צבעים מדהימים שווה בהחלט את הכסף אין סיבה להוציא יותר..  גם 3 שנים אחריות שזה חשוב"
   ,728136
77,גדי,2009-08-23,
   "טלויזיה מעולה! אם אתם רוצים מוצר טוב במחיר משתלם זה המוצר בשבילכם. 600 הרץ, תמונה חלקה ומבריקה. יש 3 כניסות HDMI שזה מאד חשוב, יש כניסת COMPOSIT לDVD וSCART וכניסת VGA   למחשב ואיפלו כניסת RF לטלויזיה רגילה.  בשוק הרבה 'מומחים' מנסים למכור את הLCD בטענה שאיכותו יותר טובה.  כאן נשאלת השאלה, יותר טובה למי ולמה?  אין מתחרה לפלזמה בצפייה בערוצים רגילים. התמונה חלקה, אין קטעיות.  LCD מצטיין יותר בצפיה ברזולוציות גבוהות, אבל כמה ערוצים כאלה כבר יש?..."
   ,728136
78,נתי,2009-07-31,
   "טלוויזיה באיכות מצויינת, רזולוציית תמונה ברמה גבוהה מאד גם לא בשידורי HD, מחיר מאד סביר לתמורה - מי שנהנה מחווית צפייה מומלץ מאד!"
   ,731287
79,אמיר,2009-02-14,
   "רכשתי את הטלויזיה, לפני כ חודש, ופשוט חוויה אמיתית לעניים,   לאחר סקר שוק נרחב, באיכות , במוצר ומותג, שילמתי מינימום מחיר   וקיבלתי מקסימום תמורה, הדגגם ,av550  שימו לב הוא הטוב ביותר הן מכל הבחינות והחיבורים ,יש גישה להכל חיבור מהיר למחשב, וכל מה שרק צריך,תמונה חדה ומדהימה. לא צריך יותר מזה, לחדר השינה,"
   ,719657
80,אופיר,2009-07-31,
   "רכשתי את הטלויזיה בשניה שהגיע לארץ (הרבה לפני הפרסומות) , ובאותה רגע התאהבתי בה.  הטלוויזה מעוצבת יפיפה בעיצוב אלגנטי של שחור מבריק משולב אדום שקוף.  המעמד השולחני מעוצב גם כן יפה, עם אפקט מראה, יושב לי יפה מאוד בסלון, כל מי שראה נדהם והזיל קצת ריר.  בהדלקת המסך יש מין אפקט אור של מילוי העיגול, משהו יפה מאוד ואחר כך צליל פתיחה נעים, שאת האמת הייתי רוצה להנמיך אותו טיפה, קצת חזק.  אני משתמש עם הטלויזיה בממיר של HOT HD וגם רואה תכני HD מהמחשב..."
   ,728246
81,נסי,2009-07-17,
   "המתנתי המון זמן עד לקניית מסך LCD ובסוף החלטתי ללכת מוצר איכותי ולא על המסכים הזולים שקיימים היום בחנויות.  הטלויזיה יושבת בסלון ונראית כמו רהיט , מאד מעוצבת עם שילוב של אדום.  תמונה מצויינת וברורה , קיימת תחושה כאילו הדמויות נמצאות אצלך בחדר בזכות התכונה של TRUEMOTION .  אפילו טכנאי הכבלים שהגיע אלי התרשם מאד לאחר שראה המון טלויזיות.  קיים סנסור ששולט בתכונות התמונה בכל מצב של תאורה.  חיבור USB קורא את כל הפורמטים להצגת סרטים ע"י התקן USB...."
   ,728246
82,גיא,2009-10-30,
   "טלויזיה מרשימה מאוד , גדולה מאוד , יפיפייה , איכותית מאוד מסך יפה מאוד . רואים מעולה מכל סוגי המדיה . גם מהוט גם די.וי.די. אבל הכי טוב והכי מדהים , זה כמובן באיכות HD  . פשוט לא להאמין כמה פרטים בתמונה "מפספסים" באיכות רגילה , לעומת HD .   מומלצת מאוד . מחיר קטן לטלויזיה גדולה . "
   ,732547
83,משה,2009-12-07,
   "טלויזיה ברמה טובה תמונה וצבעים יפים מאד.  מגיעה מהסדרה החדשה של טושיבה סביבות יולי 2009 כאשר האות av מציינת את סדרת הפתיחה משמע סדרות xv ו rv נחשבות ליותר טובות."
   ,734543
84,חגי,2009-12-03,
   "ההורים שלי קנו את הטלויזיה ומרוצים .  טלויזיה מצויינת בשביל המחיר הזול יחסית שלה.  ממליץ בחום על הטלויזיה הזו ובכלל טלוויזיות של טושיבה."
   ,734543
85,erez,2009-12-14,
   "מוצר מומלץ שמבצע את עבודתו. איכות הצבעים יפה מאוד וסך הכל אני די מרוצה מהטלויזיה."
   ,728121
86,גדי,2010-01-05,
   "הטלויזיה מצוינית. איכות תמונה מעולה, סאונד בערוצי HD עוצמתי גם בהגברה נמוכה. יציאות לכל סוגי המכשירים. איכות צפיה אדירה בYES HD, אך ערוצי YES הרגילים נראים הרבה פחות טוב אבל זאת בגלל איכות השידור ולא הטלויזיה. עיצוב חלק ומרשים. תמורה מצוינית למחיר."
   ,729777
87,ofer,2009-06-24,
   "קיבלתי את הטלוויזיה לפני כחודש, מאד מרוצה, מחובר ליס בכבל SCART ורואה מצויין, סרטים של יס רואים מעולה בפורמט 16 על 9, סאונד טוב מאד, ממשק הפעלה קל ונח, גם באור יום מלא כשכל התריסים מורמים רואים מצויין.  יש מעט מאד מריחה העיקר כשצילום ממרחק וקיימת תנועה מהירה דוגמת משחקי טניס אבל ממש לא מורגש.  אפילו את ערוץ 1 רואים טוב.    איך אפשר לראות יותר טוב מזה ב-HD אין לי מושג."
   ,729777
88,אסף,2009-11-03,
   "טלוויזיה מצויינת! עשיתי חקר נרחב ביותר על מנת לבחור את הטלוויזיה LCD שהיא Full HD 42 הטובה ביותר, כאשר הדבר הכי חשוב בעיניי היא איכות השידורים הרגילים. לרוב בשידורי HD אין הבדל גדול בין הדגמים. ההבדל נעוץ בשידורים הרגילים שאינם HD. בטלוויזיה הזו רואים את השידורים הרגילים מצויין בזכות מעבד עיבוד תמונה מיוחד, בלי פיקסליזציה מודגשת כמו בדגמים אחרים.  שידורי HD מצויינים.  "
   ,731222
89,ארנון,2009-11-03,
   "טלוויזיה מצוינת, בחרתי אותה לאחר הרבה בדיקות כולל השוואת התמונה בחנויות וקריאת המפרטים הטכניים באתרי היצרנים. שני הפיינליסטים שלי היו הטלוויזיה הזו וסמסונג "40 מודל B530, לאחר שסיננתי את טושיבה ו-LG שלא מצטיינות בגודל הזה (למרות שטובות יותר בגדלים הקטנים). בחרתי בסוף בפיליפס בגלל שהצבעים שלה טבעיים יותר. יש לה כל מה שצריך כולל חיבור איכותי למחשב (עם רזולוציה מלאה, לא כמו טושיבה ואחרות) , יציאת אודיו 5.1 וכניסת USB, שיקבלו חשיבות רבה בעוד..."
   ,728144
90,itzik,2009-09-05,
   "אפשר היה להגדיר את המוצר הזה כמוצר טוב אלמלא שני חסרונות בסיסיים שאולי לחלקכם זה לא מפריע, אבל כדאי שתדעו:  שכשמפעילים את הטלבזיה היא נדלקת בעוצמת הרמקולים של הכיבוי האחרון. הבעיה הזו יכולה להפריע כשמדליקים את הטלבזיה מאוחר בלילה - ועל החסרון הזה בא חיסרון נוסף שכשהטלבזיה נדלקת הרמקולים מתחילים לעבוד יחד עם התמונה כעבור 4 שניות, אבל השלט מתחיל לתפקד רק אחר 10 שניות ובנתיים לא משנה מה תעשו, תאלצו לשמוע ברמקולים בעוצמה שנקבעה בככיבוי האחרון.גם..."
   ,728144
91,משה,2009-12-01,
   "טלווזיה פצצה רואים בה סוף הדרך.  בחרתי בה לאחר חודשיים של התלבטויות.  התמונה בה זה כמו במציאות.  עיצוב יפה   "
   ,732914
92,אייל,2009-08-19,
   "טלויזיה מדהימה.   הייתה לי TV רגילה "29 טושיבה 100Hz.  במשך שנים אני עוקב אחר טלויזיות פלזמה וLCD ולא התרשמתי מאיכות התמונה של אף אחת - מריחות, קפיצות, ניגודיות וכו'. לכן לא קניתי עד היום.  בטלויזיה זו אין מריחות, פיקסלים או קפיצות. התמונה חלקה.    חיברתי את הטלויזיה דרך AV2 ,AV1 (חיבור רגיל) ו-HDMI. איכות תמונה של ערוצי הכבלים מדהימה (חיבור AV). פתאום מבחינים בעומק של התמונה. כשרואים תמונה של חדר, ממש מבחינים בעומק החדר. כאילו תלת מימד (אבל לא..."
   ,734878
93,משה,2009-08-31,
   "המכשיר אצלי כחודשיים. בהתחלה עשה רושם של מכשיר מדהים. ככל שחלף הזמן צצו הבעיות. והחלה ההתעסקות מול נותן השירות רטפון (גם הוא לא משהו בלשון המעטה). שדרוגי תוכנה למכשיר שלא עוזרים ווהמכשיר מסתבר הינו אכזבה אחת גדולה מבחינתי. למרות המחיר התחרותי לא כדאי למהר ולקנות.  נותנת תמונה איכותית גם בשידורי SD "
   ,732550
94,nir,2009-08-22,
   "מסך פ33ה. רואים חד!  צבעים חמים ואמיתיים.  ממש רהיט בסלון.  נכנס בנישה גבס כמו כפפה.....  נרכש באוגוסט 2009"
   ,732550
95,איתן,2009-11-04,
   "ממליץ בחום על הlcd תמונה איכותית ביותר תמונה נדירה בממיר hd איכות שמיעה ממש גבוהה ועם המון יציאות כגון 2 יציאות קומפוסיט   (בננות)2 יציאות hd יציאת קומפוננט ואפילו יציאת usb אשר קוראת סרטי divx ."
   ,736226
96,romagx,2009-11-30,
   "טלויזיה מאוד  איכותית של LG, חברת בעלת שם עולמי. השוואתי את הדגם הנ,ל עם מספר דגמים של חברות אחרות בטווחהמחירים של עד 3000 ש"ח, לטלויזיה זו לא היו מתחרים, לא לאיכות ולא למחיר. ניתן לומר תמורה מצוינת לכסף שלי!"
   ,732737
97,Yaniv,2009-10-21,
   "נרכשה באוקטובר 2009.  טלויזיה מדהימה ומעוצבת, מסך חד ללא אפקט השתקפות באור יום, עשירה בכניסות ויציאות,כולל חיבור Dolby Digital לרסיבר. הדגם היחיד שטושיבה משווקת עם יציאת SCART,שזה מצוין למי שלא מתכנן לשדרג את הממיר שלו ל-HD בקרוב. התפריט נוח לניווט וניתן בקלות לכוון אותה.  איכות הצפיה בשידורי טלויזיה (SD) נחשבת לטובה יחסית הודות לאפשרות ה- Resolution+ שמחדדת את איכות התמונה. חיברתי את מכשיר ה-Xbox לכניסת ה-HDMI ופשוט רואים מדהים...  הטלויזיה..."
   ,735950
98,אופיר,2009-09-08,
   "מוצר די בינוני. שירות סביר. מתקינים מתחת לכל ביקורת.   מוצר:  איכות תמונה: סבירה אבל לא איכותית.   מסך כמעט ללא השתקפות (חשוב מאוד למי שהמסך מול חלון או מול דלת למרפסת).  כולל מספר מצבי תצוגה נחמדים.   אינו יודע לטפל חכם באות 3:4 ולמתוח אותו חכם ל-16:9. כן מזהה נכון ויכול לעבור (אם בוחרים) אוטומטית בין 3:4 ל-16:9.  כניסות - מפרט יפה  ושימושי. ה-USB יודע יפה להציג תמונות ולנגן מוזיקה, אבל את רוב פורמטי ה-AVI לא מזהה נכון. חיסרון נוסף - ל-USB איו..."
   ,728163
99,דורון,2008-11-07,
   "LCD מדהימה כבר היו לי 3 מסכים ואף פעם לא הצלחתי להגיע איתם לעומק צבע וחדות כמו בזאת מומלצת בחום! מגיע גם כן עם סטאנד שולחני כלול במחיר!"
   ,714447
100,הנרי,2009-03-16,
   "קיבלתי את המסך A451 לפני שבועיים ,שידרגתי את הממיר של YES ל-100S עם יציאת Scart חיברתי את הממיר לטלויזיה בכבל Scart to Svideo של חברת Lexus .  אני צופה ב-Yes כאילו זה תוכן HD ,ממש חלק...כמובן שיש לכוון את המייר ל-16:9  צפיה ב-HD מדהים.    אהה,הוא ממש לא מכוער ,רואים כל ליכלוך אבל תשמרו על הניקיון."
   ,708106
101,אסף,2009-03-02,
   "ב"ה    המסך פשוט חוויה מהעולם הזה !  כל מי שיש לו מסך שמן וישן הגיע הזמן שתחליפו ותהנו ממסך איכותי יותר,  גם בתכנים של SD או טלוויזיה הצבעים פשוט טובים יותר מהמסכים העתיקים,  תהנו מתמונה אכותית מאוד, ומסך דק שישפר מאוד את האווירה בחדר או בסלון !!!    יתרונות:  המראה פשוט מדהים, הזהרו מדגם A451 הוא מכוער, והוא אותו דבר בדיוק בכללי,  ציר מסתובב ימינה ושמאלה,  PIP תמונה בתוך תמונה,  HDMI 2 בחיבור למחשב נותן NR מדהים !  כיוון הדלקה וכיבוי אוטומטים,..."
   ,708106
102,שקד,2010-01-07,
   "יש לי את הטלוויזיה הזאת ,  נהנה מכל רגע איכות מעולה אי אפשר לתאר !!"
   ,741982
103,יעקב,2009-06-30,
   "המסך הזה מחליף טלויזיה ישנה ששבקה חיים .  ראיתי מסכים רבים אבל ההיטאצי היתה עם התמונה הטובה ביותר.  תמונה ממש חדה וברורה.  הצבעים יפים ומהנים.  נקנה דרך האינטרנט ,מרוצה מהמחיר והשרות.  אחריות של היבואן הרשמי.   בחיבור DVD התמונה המתקבלת היתה מדהימה.  ממליץ מאוד."
   ,715103
106,romagx,2009-11-30,
   "טלויזיה מאוד  איכותית של LG, חברת בעלת שם עולמי. השוואתי את הדגם הנ,ל עם מספר דגמים של חברות אחרות בטווחהמחירים של עד 3000 ש"ח, לטלויזיה זו לא היו מתחרים, לא לאיכות ולא למחיר. ניתן לומר תמורה מצוינת לכסף שלי!"
   ,725960
107,ניר,2008-01-26,
   "טלוויזיה מדהימה באיכותה, ההתרשמות שלי ממנה היא בעיקר בחיבור המחשב עקב העובדה שהיא מספקת תמיכה ב NR, מציגה סרטי HD 720P באיכות מצויינת, בדקתי המון דגמים לפני ההחלטה לרכוש אותה ואני שמח שבחרתי בה."
   ,592796
108,lior,2007-12-23,
   "טלויזית LCD ברמות הגבוהות ביותר, התלבטתי מול השארפ ולבסוף הוחלט על ההיטאצ'י כי לפי דעתי היא קצת יותר טובה."
   ,592796
109,בוריס,2009-05-29,
   "קניתי את הטלויזיה כאשר בעצם אני מהמר על חברה שלא ממש מוכרת, ושחברת האם שלה מטורקיה.  אחרי החיבור, דווקא הייתי די מרוצה מהתמונה, מהצבעים ובאופן כללי מקלות התפעול.  דבר אחד שאני לא מרוצה ממנו הוא שבחיבור RGB או HDMI למחשב, גם לא 1920x1080 וגם לא 1920x1200 לא נראים כמו רזולוציה טבעית, למרות שאיכות התמונה ב-1920x1080 נראית הכי קריאה.  מה שכן, לא באמת רואים הבדל בין FULL-HD ל-HD-READY במסך בגודל 32""
   ,727711
110,simon,2009-05-16,
   "נהנה מכל רגע מול המסך,צבעים חיים ואמיתיים ממש כמו במציאות,יושב שעות מול המסך מבלי לעייף את העינים,אין מה להשוות בין מסך CRT 34 אינש שהיה לי ,שגם שם ראו לא רע,אבל תפס המון מקום בסלון.השלט משמש רק להגדרות ראשוניות לאחר מכן קצת מיותר למי שיש ממיר חיצוני.היצרן הגב של טלויזיה זאת מייצר יותר מ40 אחוז ממסכי הLCDבעולם לחברות בעלי שם חזק.הטלויזיה מעוצבת יפה.משדרגת את הסלון בכמה דרגות.קניתי אותה במרץ 2009 לא ניצלתי את טכנולוגית המסך עד הסוף כי אני לא..."
   ,722711
111,תומר,2009-08-04,
   "רכשתי את הטלוויזיה לפני חודש.אין ספק שהטלוויזיה מעולה להפליא!  מוצר שמספק אותי עד מאוד במיוחד שהייתי כה מבולבל מרוב החברות השונות..  רואים שידורי HD חלק!  האיכות מדהימה, הצבעים ואיכות הקול פשוט תמורה מלאה למחיר."
   ,708612
112,קובי,2009-03-02,
   "טלויזיה באיכות גבוה מאוד רואים ממש חד הצבעים חיים  הטלויזיה עם מסגרת שחורה ומבריקה , שווה לקנות גם המחיר עכשיו ממש ירד"
   ,708612
113,קובי,2009-03-14,
   "מכשיר פשוט גרוע ואני לא כותב סתם אלה לאחר שימוש של 4 חודשים ולאחר שיחות עם חבר מאוד קרוב שיש לו בדיוק את אותה הטלויזיה רק שלא ידעתי את זה לפני שקניתי(קניתי  ב-2.11.08 )הטלויזיה  עושה רעש קבוע של זימזום מרגיז גם לי וגם לו, הטלויזיה לפעמים פשוט לא נדלקת אלה רק לאחר ניתוק הכבל  מהשקע החשמלי  בקיצור לא לגעת ( יש להייטצי דגמים הרבה יותר מוצלחים)   הההאאא גם לוקח לטלויזיה  8 שניות להידלק ."
   ,712916
114,shai,2009-01-16,
   "מכשיר איכותי יחסית במחיר זול קניתי אותו במכרז ב2300 ש"ח  נראה טוב, התמונה בDVD ברורה להפליא, כמו כן ערוץ 2,10 נראה חד וטוב.תמונה ברורה מאד גם מהמחשב, תאורה טובה,תמונה חדה גם באור שמש.  הרכבה קלה מאד רק 8 ברגים לסטנד.תומכת בשלטי HOT (חלק מהטלויזיות לא מגיבות לשלט) מיוצר ב  י פ ן !!!  רזולוציה טובה:1366x768 יחס 1:10,000"
   ,712916
115,David,2009-11-16,
   "בהתחלה קצת היססתי כשרכשתי אותה כי זה מותג לא מוכר בארץ ואנחנו הצרכנים אוהבים מותגים... ניסיתי לקרוא על החברה גם באתרים בחו"ל וגם שם התקשתי למצוא יותר מידי ביקורות ומידע חוץ מזה שזאת חברה מאוד מוכרת בסין שלאחרונה התחילה להגביר את הפעילות שלה שעולם.  בינתיים אני מאוד מרוצה מהמסך, אני משתמש בה רק לצפייה בתכנים דרך המחשב והיא מציגה לדעתי תמונה מצוינת. לפעמים אני מגדיל עליה צילום שעשיתי וכמובן שרואים הבדל בין האיכות על מסך המחשב ועליה אבל אני לא..."
   ,732934
116,גיא,2009-03-23,
   "טלויזיה איכותית מבית lg ,תמונה טובה בשידורי yes ובעבודה עם מחשב.  מתאימה לחדר ילדים לשימוש במחשב ובטלויזיה."
   ,721173
117,עידן,2009-10-04,
   "טלוויזיה מעולה! יש לי xbox 360 ורואים פשוט מדהים יש לי ממיר hot hd ואתה רואה טוב מאוד בחיים לא ראיתי כזו איכות צפייה בטלוויזיה היא עושה לך רושם על הסלון יש לטלוויזיה תוכנה נגד מריחה של התמונה שאתה רואה את זה בתנועה חלקה מאוד .  בקיצור philips היא מותג הטלוויזיות הכי טוב בעולם .נקודה."
   ,711740
118,ירון,2009-03-06,
   "מסך מעולה, מוצר פרמיום אמיתי.  עיצוב נהדר,  איכות תמונה ב- HD ו -SD, צבעים חיים הרבה חיבורים, תמיכה ב- NR, מעבד תמונה חזק."
   ,711741
119,raviv,2009-01-24,
   "מסך מדהים .   נרכש ב 15.01.09  אכת תמונה מהטובות שיש בשוק   נערכה השוואה מול מסכי פלזמה באותו סדר גודל ומחיר ופשוט אי אפשר להתווכח עם התמונה .  הפעלה ידידותית מאוד.  איכות שידורי כבלים מעולה במיוחד בשידוריי HD"
   ,711741
120,barak,2009-05-19,
   "קניתי את הטלויזיה בתאריך ה-14.5.09 ואני מאד מאושר מהקנייה   המחיר ממש נמוך יחסית ולא התחרטתי שלא קניתי FULL-HD  "
   ,719128
121,שחר,2009-05-09,
   "מוצר מעולה!!  איכות צפיה מדהימה אחלה שמע   והמחיר שווה ממש!  אכן אחרי התלבטויות רבות החלטתי על הדגם הזה ואכן צדקתי!"
   ,719128
122,אבי,2008-12-29,
   "קניתי לפני שבוע טלויזיה מצוינת איכות תמונה מעולה ראיתי הרבה טלויזיות זאת עולה עליהם הופתעתי לטובה צבעים חדים"
   ,719069
123,Edan,2009-04-29,
   "מותג HAIER סולל את דרכו בבטחה בשוק התחרותי ב-5 השנים האחרונות די בכבוד ! רכשתי מסך שכזה לפני כחודשיים ימים ; איכות הצפייה טובה מאוד (9) , איכות הסאונד טובה(7) , חיבורי ה HDMI עובדים נפלא ומספקים את הסחורה . מאוד מרוצה מהרכישה ."
   ,695305
124,אפי,2009-03-25,
   "נתחיל מהסוף: מומלץ ביותר!  אחרי כחודש של שימוש אני יכול להגיד שהטלוויזיה מצוינת ואיכות הצפיה בה עדיפה בהרבה מטלווזית הLCD שלי.  איכות צפיה מצוינת, שמע מצוין, עיצוב יפה, אין בעיות במכשיר, רואים טוב לא משנה מה: אם מחברים אנטנה אנלוגית, ממיר דיגיטלי, או מחשב עם מדיה באבחנה גבוהה - הכל נראה פשוט מצוין, אין גרעון אין מריחה ואין שום  תופעה. תאווה לעיניים.  אהה ויש מנורת לד בשלט , כדי למצוא את הפופקורן בחושך...      אל תתנו למחיר הזול להטעות אתכם, היא..."
   ,695305
125,Moshe,2009-05-05,
   "חויה של צפיה, צבעים אמיתיים, לא פלסטיים, האור מאחורי המסך שומר על רכות הצבעים .חצוניות נעימה נצול מכסימאלי של המסך"
   ,706952
1494,CHEN,2007-09-27,
   "תמונה מצוינת,  עיצוב מדהים, סאונד טוב והספקה מידית , תמיכה באותות:  component Y/Pb/Pr ,  S-.  אילו הסיבות להמלצתי   ...................."
   ,415439
1495,yehuda,2008-04-21,
   "תמונה  מדהימה הכי טוב שיש   בכל האחרות פשוט רואים (בשידורי לווין וכבלים)פחות טוב  עיצוב נעים שלט נוח    קניה פשוט מצויינת שווה את ההשקעה  "
   ,691761
1496,דורון,2007-09-02,
   "מוצר איכותי,עדיף על המתחרים באותה רמת המחיר.(למרות ש-Haier הוא קונצרן סיני ענק המייצר מכשירים למותגים רבים אחרים). ניגודייות גבוה(1:1600)ובהירות 600!!!. שוב מעל הממוצע של המתחרות.  לדעתי עדיפה על הדגם המקביל 32A9A,עיצוב חיצוני מבריק,פשוטה להפעלה, בהחלט תמורה מלאה לכספכם.  ניתן להשיג במחירים אטרקטיביים במכרזים."
   ,521343
1497,יוגב,2007-08-25,
   "מסך מאוד טוב ואף איכותי, של יצרן מצויין ויבואנים עוד יותר מצויינים!  איכות תמונה מצויינת, אומנם לא בשידורי טלוויזיה, מהסיבה שבארץ האיכות שידור גרועה.  אבל אם אתם צופים בסרטים מהמחשב (חיבור VGA) או בדיוידי, האיכות מצויינת!!    ובנוסף הנתונים הטכנים שרשומים במוצר אמיתיים ומדוייקים! נבדק באמצעות מכשיר EYE-ONE!"
   ,521343
1498,אוהד,2009-12-25,
   "אני מחלק את חוות הדעת שלי לשניים:  עבור אנשים שמשתמשים בטכנולגיית ה-HD למשל חיבור ל-PS3 או ממיר HD, מדובר באיכות תמונה מדהימה וביצועים מרשימים.  לעומת זאת, אם הטלוויזיה משמשת בעיקר לצפיה בערוצים הסטנדרטיים ו/או ספורט מדובר באכזבה די גדולה. התמונה די מרוחה, ואין כניסת SCART שיכולה לסייע בשיפור האיכות.  בסה"כ הכללי לא שווה את המחיר עבור רוב המשתמשים."
   ,734652
1499,gad,2008-03-08,
   "אחרי כשש הדלקות הטלוויזיה סירבה להדלק - מדובר בצפיה של לא יותר מ - 180 דקות . למרות שהאחריות שניתנה עליה היתה לשלוש שנים , לא היו מוכנים להחליף לי את הטלויזיה , אלא לתקנה בלבד ."
   ,262
1500,רון,2007-12-31,
   "רכשתי את ה5322 לפני שבועיים מתצוגה של כשבועיים.   מראה הטלוויזיה יוקרתי - מגיע עם מעמד של רגל על זכוכית.   גימור הרמקולים בצבע כסוף - אינו מועיל ואינו מזיק.  הטלוויזיה מגיעה עם שלט פשוט להפעלה (זהירות לבעלי מזגני אלקטרה - שלטי המזגן מדליקים ומכבים את הטלוויזיה גם הם).   איכות התמונה ב -yes טעונה שיפור. רואים מריחות מידי פעם בחלק מהערוצים - כאשר הערוץ האנלוגי היחידי בישראל - נראה זוועתי למדי והערוץ הדיגיטלי של ישראל - 10 נראה לעיתים טוב ולעיתים..."
   ,588135
1501,yaniv,2007-12-30,
   "רכשתי בתחילת אוקטובר...  מוצר מצוין ! היה שווה לחכות לטלויזיה הזאת.  חדות לא מהעולם הזה בסרטי DVD ! חד חלק ומדויק !  מראה בדיוק למה הטלויזיה הזאת מסוגלת - וזה עוד לפני שראיתי בה סרט ב HD.  אני מחובר ל HOT, רואים יפה מאוד חלק ונקי חלק גדול מהערוצים.  קניתי בחנות - יותר יקר מהמחיר הראשון ב ZAP אך לטעמי  שווה את השקט הנפשי .  התלבטתי מאוד בין LG TOSHIBA  ואז פתאום באה PHILIPS וטרפה את הקלפים.   סה"כ מוצר מצוין ויחס עלות תועלת גבוהה מאוד."
   ,588135
1502,חיים,2009-05-12,
   "מכשיר עם כניסות רבות.  מבנה קליל ולא מסיבי, עיצוב פושר, מתאימה כטלוויזיה שניה או שלישית.  התמונה עם ממיר של הוט באיכות בינונית"
   ,704173
1503,אלה,2008-10-20,
   "טלויזיה מושלמת לדעתי. דגם חדש מאוד שווה כל שקל !!! השקעתי יותר ממה שתכננתי אבל אני לא מצטערת. היחידה שמעבד הוידאו המיוחד שמרזה את הפנים באמת עובד. עשיתי סקר שווקים של שבועיים. אם את/ה קונה LCD אז אני ממליצה על הדגם הזה בחום.   1) אתה לא צריך לעבור את שלב "ההתרגלות" לLCD כי הפנים והתמונה נראים נורמלי כמו בטלויזיה רגילה   2) קניתי אותה לפני פחות מחודש (9-08) והתמונה מדהימה גם בערוצי טלויזיה ממלכתיים.   3) חשוב מאוד להקפיד לקנות כבלים איכותיים עם..."
   ,715016
1504,אשר,2008-10-04,
   "מדובר בטלויזיה יפה מאוד - מסך איכותי של חברת LG ( לקחתי את הקוראנית ) - טלויזיה עם איכות תמונה מעולה זמן תגובה נאה של 5MS כמו כן ניגידיות של 1:15000 מגוון של חיבורים ( מבלבד SCART )   רמקולים חבויים מראה משופר יותר מבריקה מאוד ( שחור מיוחד עם ברקת ) מדובר במוצר איכותי במחיר זול בהחלט   מסך מצויין למי שלא רוצה כרגע FULL HD וצריך מסך עד 42'   לסיכום מסך מדהים במחיר זול שווה כל אגורה לדעתי,  תהנו ! "
   ,710817
1505,דניאל,2009-02-24,
   "אחרי שראיתי תצוגת מסכים של כל החברות המובילות בלגאסי בצומת קרית אתא.וקיבלתי הרצאה מפורטת והדגמה,השתכנעתי לקנות את המסך הזה ולהוציא כמה אלפי שקלים יותר ממה שציפיתי.  לא מצטער בכלל!  למחרת היה המסך מורכב אצלי בסלון בעבודה מדויקת מקצועית אדיבה ביותר {ואני בעצמי טכנאי}.  מומלץ"
   ,710172
1506,אורגד,2008-01-31,
   "נרכשה לפני כשלושה שבועות, חקרתי את כל התכונות שלה. הטלוויזיה מאוד מאוד מוצלחת. היא מחוברת למחשב, ל Ps3 ולממיר של HOT. סרטי Blue ray באיכות HD רואים מצויין כאילו האנשים בסרט עומדים לידך (הטלוויזיה היא HD READY תארו לעצמכם מה תראו ב- FULL HD). משחקי PS3 רואים מעולה ונכנסים ממש לתוך המשחק, תמונות שצולמו במצלמה דיגיטלית והועלו דרך ה- PS3 נראות ממש מעולה כאילו זו תמונה אמיתית שזרוקה על השולחן. ניתן לראות דרכה את המסך של המחשב ולראות דרכו סרטים וכו'..."
   ,677190
1507,דוד,2008-01-24,
   "הטלווזיה נרכשה לפני כשבוע .  טלווזיה יפיפיה ומדהימה  ,קלות בהפעלה ובכוון הפונקציות השונות ע"י שלט. מספר רב של חיבורים המאפשר התחברות למחשב,וידאו,פלייסטישן,dvd ותמיכהבמוצרי  hdmi .שמיעה מצויינת ברמקולים."
   ,677190
1508,שי,2007-11-16,
   "טלויזיה מאוד מאוד איכותית ביחס למתחרות ברמת המחיר.  למי שמתכוון לחבר את הLCD למחשב שלא יחשוב פעמיים ויקח את ההיטאצ'י, התמונה פשוט מדהימה בחדותה.  אני חיברתי את המסך למחשב ואני עובד עליו יום יום בלי בעיה, הפרטים מדויקים וחדים.  כמובן שזה בזכות התמיכה של המסך בNR -NATIVE RESOLUTION, כלומר רזולוציה טבעית.  בסרטי HD רואים פשוט מדהים! לא האמנתי שמסך במחיר כזה מוציא תמונה שכזאת!  בכבלים קצת קשה להתרשם כי:  א. בכל מסכי הLCD יראו את שידורי הכבלים/לויין..."
   ,520824
1509,Haim,2007-05-22,
   "המוצר שווה מאוד את המחיר שלו, כלומר:    יש במוצר את כל הפונקציות שצריך, ויש תמיכה ברזלוציה של    1366X768 בממשק ה VGA - מעולה לחיבור מחשב.    העיצוב יפה מאוד , אין חלקים מבריקים שמפריעים לצפיה.  המסגרת בצבע מט.    רכשתי את הטלוויזיה במחיר שכיום הוא גבוהה - 6100  ש"ח, כיום ניתן להשיג בכ - 100-200 ש"ח פחות לפחות.    קיבלתי את המסך ב - 30.04.2007 ,     בדקתי צפיה ב DVD בחיבור Component,  צפיה בחיבור Rca עם ממיר HOT,   צפיה בפורמט HD עם חיבור HDMI..."
   ,520824
1510,יעקב,2009-09-14,
   "רכשתי לפני 3 חודשים את מכשיר הטלוויזיה KONKA והוא בשימוש יום יום כ-10שעות ביום כולל ממיר של YES עם הקלטות ושמירת תוכניות.   אף פעם לא עשה המכשיר בעיות או צרות כלשהן.  במחיר שרכשתי אותו ממש מציאה ונותן תמורה עבור כל "גרוש" תענוג !!!  המסך הותקן ללא תשלום ע"י טכנאים שנשלחו על ידי הספק ועשו עבודה יוצאת מן הכלל כולל ניקיון מלא לאחר ההתקנה כאילו לא עבדו כאן מעולם!!  חיסרונות אין, ממש אין. ועוד במחיר כזה מי צריך מותגים יקרים שמשלמים עבור השם ולא..."
   ,731235
1511,אביחי,2009-01-21,
   "קניה טובה מאוד, אני בדקתי המון טלויזיות , התמונה היא בין החדות שראיתי ולא רק בהתחשב במחיר, זו באמת טלויזיה חדה ומדויקת.  היא אצלי עשרה חודשים, חוץ מהשלט שהוא חטיחת כלום, היא מחזיקה יפה בלי פיקסלים שרופים או איזשהי בעיה.   מאוד מרוצה"
   ,577014
1512,יאן,2007-12-12,
   "קיבלתי אותו לפני כמה ימים. מסך "פצצה"  חד מאוד, צבעים איכותיים ומדויקים, קונטרסט גבוהה מאוד, עיצוב "פגז" (כולו שחור מבריק ולמטה פס דק מאלומיניום לאורך כל המסך, שזה בעצם הרמקולים). תפריט נוח ביותר, כמעט אין צורך לעיין בחוברת.  ואיך לא המוצר מיוצר ביפאן"
   ,594731
1513,eddie,2007-11-12,
   "טלויזיה  מצויינת פשוט אין מילים האיכות מדהימה התמונה חדה כל הכניסות והיציאות ובנוסף 10 שנות אחריות פשוט שווה כל אגורה!!!"
   ,594731
1514,mik,2009-02-27,
   "לא ממליץ על המסך.  קניתי במכרז בלי לבדוק בחנות. המכשיר היגיע מהר יחסית לפני המועד.  למסך יש זוג רמקולים עם איכות גרועה מאוד, צליל של טרנזיטור מתכתי משנות ה 70.  בחיבור מסך מחשב האיכות שלו מאוד ירודה.  כטלביזיה התמונה לא הכי ברורה  בברור עם המעבדה הראשית התברר שזו האיכות של המוצר.  צריך לחבר לו רמקולים מוגברים בכדי לשמוע דבר שמיקר מאוד את הקניה  לא מומלץ להתרחק"
   ,519954
1515,ark,2008-05-03,
   "נרכש לאחרונה, כמסך לחדר קטן. יש לו תמונה טובה אך זווית הצפיה שלו מאד קטנה דהיינו רק מי שיושב ממול למסך רואה את תוכנו. מתאים לחדר שינה  קטן או ליד המיטה של הילדה כפי שעשינו בבית.בלאו הכי רק היא צופה בטלויזיה כשאר היא על המיטה. ( נרכש בפסח 2008)"
   ,592415
1516,דוד,2007-12-06,
   "רכשתי לחדר עבודה. מעט גדול לצפיה מקרוב - טוב למרחק של מטר לערך. המכשיר נאה ומשתלב היטב, מעניק תמונה חדה כצג מחשב ותמונה איכותית למדי כמכשיר טלוויזיה. ניתן לתליה או להצבה על משטח. איכות התמונה כאמור מרשימה - הסאונד סביר והממשק קל ויעיל. רכישה טובה מבית LG. הייתי רוצה יותר חיבורים וגם סקארט אבל אי אפשר הכל במכשיר אחד. עם זאת - אני מרוצה ומאד ממליץ."
   ,592415
1517,נמרוד,2008-01-14,
   "אחלה טלוויזיה. איכות הצפייה מעולה, והופתעתי לגלות שיש גם אופציה לחיבור HDMI, למרות שמדובר בטלוויזיה קטנה יחסית, אם כי טרם ניסיתי אותה.  תמורה לא רעה בכלל למחיר הנמוך."
   ,676664
1518,עידן,2007-09-18,
   "טלוויזיה מדהימה!!!!  2 יציאות HDMI שפשוט עושות את העבודה  במקום לנתק ולחבר כל הזמן מכשירים אחרים ליציאה אחת בודדת  איכות סאונד  2 רמקולים איכותיים ביותר 10RMS!  איכות תמונה שממש אין מתחרים באמת באמת נהנה מכל רגע  ניגודיות ממש טובה של 1:7000 "
   ,576888
1519,נדב,2007-06-15,
   "רכשתי את המוצר לאחרונה לאחר שבדקתי מספר אופציות. יש לציין שסמסונג מוצר ברמה גבוהה ובאיכות גבוהה. את המכשיר רכשתי דרך האינטרנטוהבעיה היחידה היתה שהאחריות למוצר לא ניתנה על ידי היבואן ובגלל זה גם לא נשלח לי טכנאי להתקין את המוצר."
   ,576888
1520,dorin,2010-01-04,
   "טלוויזיה מעולה. נוחה, רואים בה מעולה, שלט נוח"
   ,711878
1521,עופר,2008-11-21,
   "מסך יפה, מסגרת בגימור מט (גימור "פיאנו" פשוט מגעיל לטעמי וגם יש בו השתקפות). במסך זה תקבלו גימור מט ללא השתקפות.  תמונה חדה ואיכותית ביותר.  "
   ,711878
1522,שלומי,2008-07-10,
   "טלויזיה מעולה. ראיתי הרבה טלויזיות ועשיתי סקר מקיף מאוד, אבל בקטגוריה שלה אין טלויזיה שמשתווה לה.  ממליץ בחום לקנות את גרסת ה-37 ולא קטנה יותר..    *תמונה מעולה  *10 שנות אחריות מהיבואן על המסך.  *סוגי חיבורים רבים  *ייצור ביפן- הדגם הספציפי הזה יפני, בעוד שאחרים וכן לפירמות שונות אחרות מסכים וחלקים זולים מטאיוואן.    "
   ,593857
1523,שי,2008-01-28,
   "מסך מדהים מתאים לסלון דירה ממוצעת    קל לשימוש ונוח לצפייה מכל זווית .  ממולץ ביותר לרכוש גודל 37 אינטש ולא 32 סטנדרט כמו שממליצים .  "
   ,593857
1524,בני,2008-09-15,
   "טלויזיה בסדר אבל תפעול לא כל כך ידידותי. יבואן דווקא כן ידידותי. נציג של היבואן הסביר שהם מודעים לעובדה ששלט של ממיר HOT לא מפעיל את המכשיר הזה.  השלט המקורי התקלקל שבועיים אחרי שקניתי את הטלויזיה."
   ,704584
1525,Rami,2008-11-20,
   "קניתי את המכשיר הזה וישר נתקלתי בבעית חיבור למכשיר ה- yes שיש לי. בגלל שאין חיבור s-cart לטלוויזיה הצטרכתי לקנות כבל s-cart מצד אחד ו- s-video מצד שני. לצערי אחרי זה גיליתי שהממיר yes  שיש ברשותי אינו מוציא s-video דרך ה- s-cart.   על כל פנים, הבנתי שממירי yes הקטנים שיש להם שני חיבורי s-cart מאחורה אכן מוציאים s-video."
   ,677191
1526,דני,2008-01-06,
   "מכשיר מעולה. ממליץ מאוד. מסגרת מט לא מחזירה עור וזה נוח כאשר רואים טלוויזיה עם עור דלוק. במידה ולא רוצים לתלות על הקיר, יש מתקן שולחן שמסתובב ימינה ושמאלה לזוית 15 מעלות. מאוד נוח אם משנים מיקום ישיבה בסלון."
   ,677191
1527,וסים,2007-08-10,
   "טלויזיה מצוינת , איכות תמונה גבוהה , עיצוב מאד מרשים , יחס גובה לרוחב 16:9 וגם כן יש אפשריות ל 3:4 (אך מי עושה את זה ?!).  הטלויזיה באה עם מתקן תלייה על הקיר בנוסף למתקן רגיל לשולחן, צריך להדגיש שזה דבר מאד טוב כי רוב החברות לא מצרפות מתקן תלייה על הקיר וזה יעלה לכם כ 250-450 ש"ח לקנות אחד.  התמונה במסך מאד יפה למרות יחס הנגדיות הנמוך יחסית שלו (1:600), הבהירות במסך היא 500 שזה נתון טוב מאד.  הדבר הכי מעצבן אותי במסך הזה הוא כשאני מסתכל בו..."
   ,455279
1528,שחף,2009-02-27,
   "קניתי את הטלויזיה לפני כחודשיים,   סבירה בכללית אך יש לה כמה בעיות מציקות    עושה רעש לבן, ויש צורך להחליף את כל החיבורים,  ואם אני רוצה קליטה של ספק תוכן באופן איכותי צריך לקנות כבלים בנפרד,  וממיר HD בנפרד (בעלות של 40 שח בחודש)    יש אכזבה מהטלויזיה יש טלויזיות יותר מוצלחות במחירה    אע"פ שהאייר נחשבת חברה טובה עם הטלויזיה הזאת הם לא הצליחו"
   ,704268
1529,רן,2009-03-19,
   "נרכש במרץ 09 ( תוצרת קוריאה - האורגינל עם אחריות ח.י). חיצונית המסך מדהים בעיצובו, גב אדום, מעמד מסתובב דמוי מראה, ועיגול חלול המשמש להדלקה וכיבוי ע"י האצבע ומחליף צבעים ( גאדג'ט נחמד). בחיבור לממיר HD עם כבל HDMI איכותי, התמונה חדה והצבעים טבעיים ללא מריחות. מסך מהטובים שנתקלתי."
   ,696769
1530,Eytan,2008-07-10,
   "מומלץ!!!  חווית משתמש נהדרת!  ממליץ להשקיע בקבל איכותי (אך לא צריך להשתגע...).  מחיר מצויין לתמורה, גם הביקורות בחו"ל מהללות!!  פיצירים נחמדים (nice to have) כמו USB, "החור האקטיבי" שזה אמנם לא נשמע אך מגניב בהחלט.    "
   ,696769
1531,תומר,2009-02-02,
   "זוכת מגזין what-hifi כטלויזית 32 הטובה ביותר של 2008 והיא אכן ראויה לתואר הזה. טלויזית FULL HD שמספקת רמה גבוהה ביותר בכל ההיבטים - תמונה מרהיבה עם גווני שחור עמוקים כמו בפלזמה וצבעים טבעיים. איכות התמונה בשידורים רגילים טובה מאוד גם כן ומנצחת את המתחרות. הרמקולים המובנים של הטלויזיה מספקים סאונד איכותי ביותר באופן יחסי עם 2 מצבים שמדמים סאונד הקפי.  ללא ספק הטלויזיה הטובה ביותר שרכשתי אי פעם - מרוצה עד הגג! "
   ,717639
1532,alon,2007-04-22,
   "טלויזיה מדהימה,איכות סופנית,לאחר בירור והשוואות מול טלויזיות אחרות,פשוט מדהימה,הפלסמה הכי טובה שקיימת היום (כמובן לא HD).  מי שמנוי להוט יש לבקש ממיר דוקסיס שהוא טיפה יותר מהיר אבל איכותי הרבה יותר מהרגיל,כמו כן יש לבקש להתקין איזולטור להקטנת רעשים שנובעים מהארקות בטלויזיות של 100Hz."
   ,573717
1533,יניב,2008-03-20,
   "הלכתי ל-BIG.  הסתכלתי על המסכים מבלי להסתכל על השמות.  ראיתי HOT ו-DVD.  הדגם הזה והדגם של Toshiba (מסדרה X, Full HD) בלטו בגדול מעל השאר.   ראו באיכות הרבה יותר טובה.  יש אחריות ל-10 שנים - כנראה שזה לא ממש מתקלקל.    כדאי לקנות במכרזים השונים, תקבלו מחיר טוב באופן משמעותי מאשר בחנויות.    [קניתי בפברואר 08]"
   ,594521
1534,מ,2007-11-26,
   "טלויזיה מדהימה.  תמונה נקיה וחיה כאשר מחברים מקורות HD.  כאשר רואים YES עם חיבור SCRAT רואים לא רע יחסית לשאר הLCD.  "
   ,594521
1535,alex,2009-03-21,
   "טלויזיה מצוינת. יש בה הכל לצרכן הרגיל. עיצוב יפה מאוד, תמונה חדה, כל החיבורים הרצויים מאחור וגם בצד של הטלויזיה, שמע די מספק וכמובן מחיר זול. "
   ,704186
1536,ערן,2009-03-06,
   "נתחיל מהסוף - לא מומלץ.    חובר לממיר של חברת YES בSCART.  בצפייה בשידורים רגילים  - פני הדמויות נראות לבנות (כמו איפור לבן על פניהם). יש להוריד את הבהירות למינימום בכדי להתגבר על בעיה זו אבל אז כבר מתחילים לאבד את הפרטים.   לא ניסיתי חיבור HD כך שאינני יכול לתת את הדעת על איכות התמונה במצב זה.    כאשר המסך חובר למחשב התמונה הייתה סבירה אך לא יותר מכך."
   ,704186
1537,צח,2009-05-20,
   "טליוזיה מעולה נרכשה לאחר סקר מקיף ובדיקת איכות תמונה בחנויות  עיצוב יפה מאוד  מגוון שקעים רחב  מומלצת מאוד     "
   ,720082
1538,יאיר,2009-03-11,
   "טלוויזיה גרועה הפסיקה לעבוד אחרי 50 יום ונלקחה למעבדה   חיבור HDMI  לדיוידי LG אין סאונד בקבצי DIVX   המלצתי לקנות של חברות אחרות"
   ,696470
1539,דורון,2008-08-31,
   "תמונה יפה,צבעים טובים,עיצוב המכשיר מאוד יפה,וצבע המכשיר שחור מבריק,גימור של פסנתר.  חשוב לקנות 42 אינץ רק אם יש מרחק גדול בין הטלוויזיה לאיפה שושבים.  אני לא יודע מה המרחק המומלץ ל42 אינץ אבל לפני שקונים חשוב לברר.  אין כניסת וידאו בצד המכשיר בדגמים הקודמים היה,ואם רוצים לחבר מכשירים שונים למשל מצלמה אז אפשר רק לחבר מאחורה וזה לא ממש נוח אם המכשיר תלוי על הקיר.  היתה תופעה שכל כמה חודשים חזרה על עצמה,שאני מדליק את הLCD לא רואים תמונה ואז אני..."
   ,696470
1540,גד,2009-09-21,
   "די הופתעתי לגלות טלויזיה ברמה גבוה במיוחד, בלי הרבה משחקים פשוט מחברים ומדליקים, תמונה חלקה ברורה וחדה במיוחד."
   ,734508
1541,ירון,2008-12-18,
   "סך הכל טלוויזיה טובה. התמונה לא רעה בכלל והממשק שלה נח מאד. במובנים של תמורה לכסף היא כדאית מאד. הבעיה מתחילה כשהתמונה באמת דורשת רזולוציה טובה, כמו לדוגמא משחק סנוקר. במקרים כאלו הכדורים די מרוחים ויש מסביבם מן הילה של צבע. בנוסך הסאונד בינוני ובאמת עדיף לחבר אותה לרסיבר ולהשתמש ברמקולים חיצוניים.  "
   ,695281
1542,יניב,2008-06-22,
   "טלוויזיה פשוט מדהימה אחלה מראה אחלה נתונים ,  בהתחלה חששתי להוציא סכום כזה על טלוויזיה אפשר גם למצוא הרבה יותר זול,אבל ממש לא איכות ממש טובה של צפייה חוויית צפייה של בית קולנוע.  "
   ,695281
1543,אבירם,2009-07-03,
   "טלויזיה טובה, מצטיינת באיכות תמונה טובה גם בשידורי SD וגם ב- HD.  כמובן שאין מריחות ומציגה צבעים בצורה מדהימה. יפה מאוד עיצובית."
   ,712039
1544,Joe,2009-05-19,
   "השימושים שלי הם 60 אחוז אלויזיה מהם 30 אחוז HD   החלק הנותר מתחלק בין DVD לקונסולת משחקים.    לטלויזיה הזו יש מעבד תמונה פשוט מדהים, מצליח להרים את רמת התמונה של הערוצים הרגילים לרמה גבוהה מאוד. ב HD רואים סוף!    לא להתעצל, ללכת לחנות ולראות בעיניים את הטלויזיה מול המתחרות,   לצפות בכל מני סוגי שידורים ואז לגלות שלטלויזיה הזו אין מתחרים.    מומלץ ביותר!!!  "
   ,712039
1545,ronen,2009-10-25,
   "לא אכזבה , עומדת בציפיות , קונטרס גבוה השחורים כמו שצריך ,  ואין קוביות בתנועה מהירה וחוץ מזה עוד הרבה שכלולים   אם כבר קונים אז שווה להוסיף את ה 3000 שקלים יותר מהדומות לה."
   ,730310
1546,הודיה,2009-08-27,
   "טלוויזיה מצויינת של Haier יש לציין שזה של ניופאן ושאתם קונים אותה תבדקו שהאחריות תיהיה של ניואפן בע"מ.  יש לטלוויזיה כל חיבור אפשרי USB כרטיסי זיכרון וכו'  ממשק בעברית חשוב מאוד!!  הטלוויזיה גדולה ומעוצבת ממש יפה שווה כל שקל.   אני קניתי אותה במחיר אישי ב3600 שקל ממש זול.  לגבי התגובה הראשונה שהטלוויזיה לא תומכת בממיר של YES זה לא נכון  שקראתי את התגובה ההיא קצת חששתי לקנות אותה כי יש לי YES בבית  אבל לקחתי סיכון וקניתי אותה ומתברר שהיא כן..."
   ,725971
1547,roi,2009-07-23,
   "מסך מעולה המון כניסות   3X HDMI  תמונה חדה וברורה צבעים חיים   עומד בתקן גבוה יותר מ FULL HD  תקן HD READY 1080P  (לעוד בעניין התקן ניתן לקרוא באתר של וואלה)  הטלויזיה יפה עם רמקולים מוסתרים   איכות שמיעה טובה, לא ניתן לצפות ליותר מידי מרמקולים של מסך  שווה את המחיר!!"
   ,725971
1548,דורון,2008-12-01,
   "חיפשתי במשך זמן רב מסך דק מפירמה אמינה: סרקתי אתרים ברשת וביקרתי באולמות תצוגה של חנויות. על פי תפיסתי מה שקובע זה השילוב של תכונות ואיכויות שיכול להפיק את המיטב גם ממקורות שידור בעייתיים.  הדגם הזה של סמסונג, יש בו את השילוב המנצח: ניגודיות דינמית גבוהה, זמן תגובה מהיר יחסית,מעבד חדשני לשיפור איכות התמונה, רמקולי סטריאו המפיקים צליל היקפי משובח, מיגוון אפשרויות לקביעה ותיכנות מצבי צפיה, קול ושמע, התאמות צבעים וגוונים באמצעות השלט, ומספר רב של..."
   ,710084
1549,Shachar,2009-04-26,
   "טלויזיה מאד איכותית. בהחלט קנייה משתלמת במחיר סביר בהחלט. נקנתה לפני חודש אני רואה בא בעיקר סרטי HD וכן דרך ממיר דיגיטלי. פשוט איכות מדהימה.  בהשוואת מספר טלויזיות אחת ליד השנייה - דגם זה היה הכי חד ויפה הן ב HD וכן בצפייה בממיר רגיל.  הרבה סוגי חיבורים, הן מאחור וכן בצד."
   ,708598
1550,ניר,2008-12-30,
   "אחרי סקר שוק רחב, ואחרי שאזל המלאי של טלויזיה אחרת שרציתי קניתי את ה-LA37A450 ואני מאוד מרוצה. דבר ראשון הטלויזיה יפה, היא תומכת בהרבה סוגי חיבורים, ממשק התפריטים נוח ורואים נפלא.  הטלויזיה מחוברת לכבלים אנלוגיים (RF) ולמחשב (HDMI). בניגוד לחוות דעת שקראתי אין שום בעיית קול ושומעים מצויין!"
   ,708598
1551,תמיר,2007-10-13,
   "חברים צר לי לאכזב אבל קצת לא מסכים עם הביקורות פה  יש לי הטלויזיה כבר כמעט חודשים (לקחתי אותה ממש בזול) והמוצר פשוט לא טוב! מוצר מדבקה לכל דבר , איכות תמונה גחלשה למדי.   עדיף להשקיע עוד 1000 שח ולקנות מותג נורמלי כמו LG או SHARP  להתרחק כמו מאש!"
   ,480322
1552,תום,2007-09-28,
   "מדובר במותג מדבקה, ומי שקונה חובתו לדעת זאת לפני הקנייה, אך מלבד זאת מדובר בטלוויזיה מעולה!  איכות הגימור גבוהה מאוד של הטלוויזיה, תפריטים מאוד אינטואיטיביים בעברית, והכי חשוב איכות התמונה - תענוג! סביר להניח שמי ששוקל לרכוש אותה יכול לרכוש אותה במחיר משתלם יותר מטלויזיות אחרות, אפשר להרגע מדובר במוצר מעולה. כל החיבורים והכניסות האפשריות כולל HDMI."
   ,480322
1553,אילן,2008-12-02,
   "תענוג!!! חווית צפיה מרשימה ביותר, לכאלו שמחפשים דקויות ואיכות ללא פשרה. יש ללמוד את כל הפונקציות של התפריט בעברית שממש פשוט לכל משתמש מתחיל, כמו כן יש להשתמש בחוטים איכותיים והרי לכם מסך LCD מרשים ביותר."
   ,717347
1554,רון,2008-11-29,
   "טלויזיה נהדרת, דגם חדש שמחליף את ה-33r , רמקולים נסתרים, רואים מעולה גם בערוצי הסרטים ב-yes וכמובן גם דרך dvd."
   ,717347
1555,יעקב,2009-01-22,
   "מסך מהמם!  על פי כל הנתונים של 4 MS ניגודיות 1:50000 הוא באמת שווה את זה!  ברשותי כבר מספר חודשים ולא מאכזב לרגע!  סה"כ תמורה מלאה תמורת הכסף!  אופציית הINTELLIGENT SENSOR מעצבנת!  בהתחלה  התלהבתי ממנה אבל ברגע שהתחלתי להשתמש בה הסימן של   intelleginet sensor כל הזמן קוץ על המסך!   מה הכוונה: זו אופציה שתוכנתה לעצלנים שביננו שלא יודעים ואין להם כח לכוון את יחס הבהירות בכל ערוץ/ סרט שצופים בו .  מה שגורם לכל סצנה של חושך להעלות את הסימן המרגיז..."
   ,696768
1556,אורן,2009-01-13,
   "מכשיר מצויין, עשיתי עליו מחקר במשך כמה ימים לפני הרכישה,   למרות ביקורות פחות ממצוינות בזאפ.  לאחר 4 חודשים של שימוש אני יכול בפה מלא להגיד שאני מאוד מרוצה מהקנייה וממליץ עליה בחום.  תצוגה מדהימה !  אחת הסיבות שגרמו לי לרכוש דגם זה היא כניסת ה- USB (!!) שמאפשרת לחבר Disk On Key עם מוזיקה/תמונות/סרטי DIVX.  עיצוב יפהפה."
   ,696768
1557,דורון,2008-06-12,
   "טלוויזיה מדהימה! פשוט איכות נהדרת, התלבטתי בין זאתי לאחרות ואין ספק שגם מבחינת מחיר ובעיקר מבחינת האיכות היא לוקחת בענק! חוץ מזה, גם נראית מצויין, ממליץ בחום!"
   ,501379
1558,מוטי,2007-09-24,
   "לאחר סקירה רחבה של טלוויזיות בקטגוריות זהות, זוהי הטלוויזיה האופטימלית מבחינת עלות - תועלת.  גימור "פיאנו" בקווים עדינים מהווה ריהוט מושלם לסלון.  מומלצת בכל לב!!!"
   ,501379
1559,ארז,2008-06-02,
   "נרכשה ע"י באמצע חודש מאי 2008 .  מדובר במוצר מ-ע-ו-ל-ה !!! עם יחס ניגודיות נדיר של : 1:30000 התמונה המתקבלת היא חדה וברורה , עם צבעים עשירים וקרובים ביותר למציאות (גם בשידורי ממיר דיגיטאלי רגיל ולא hd).  נרכשה ע"י לאחר שמסך lcd שנפתח והוצב בביתי - פתר לי סופית את הדילמה המחיש לי באופן שאינו משתמע לשתי פנים : בגדלים שכאלה - רק פלסמה !!!  יש לשים לב לגודל הסלון , שכן חווית הצפיה שלכם , עלולה להפגם כאשר מרחק הצפייה שלכם יהיה קטן מ - 3 מטר !  "
   ,696115
1560,נאור,2008-05-17,
   "רכשתי את הפלזמה בתאריך 2-5-08 דרך מכירה מכרז באינטרנט במחיר הרבה יותר זול ממה שמוצג . בחרתי בטלוויזיה הזאת מאחר שיש לה יחס ניגודיות מאד גבוהה כ 1 ל 30000 אלף ותמונה אם לציין מאד יפה אני צופה בטלוויזיה במרחק של 3 מטר ואני רואה מצויין למרות שכולם אמרו לי שגודל של מסך כזה אינו מתאים לך לסלון ומאחר ואני אוהב הכל גדול ממש ממש לא התאכזבתי. יש לציין שהמסך ממש מעוצב יפה המסך ללא מסגרת הכל זכוכית כחתיכה אחת ופס שחור עבה מקיף את המסך שהוא בעצם נותן את..."
   ,696115
1561,אוריאל,2010-01-12,
   "יש ברשותי את הטלוויזיה (בסלון)  טלויזיה מעולה  , יש בה את כל החיבורים החדישים ביותר (HD וכ'ו)  אני ממליץ באופן אישי לסלונים בגודל בינוני (למי שיש סלון גדול מאוד , זה לא יתאים)    רמקולים חזקים , איכות התמונה מאוד טובה + קול.    אני ממליץ מאוד בעיקרון ."
   ,713096
1562,דורון,2009-10-25,
   "טלוויזיה מעולה !! מרוצה עד השמיים -   מעוצבת יפה - איכות תמונה משגעת גם בלי כיוונים מיוחדים    על סרטים בHD בכלל אין מה לדבר - תמונה מדהימה !!!     יתרון גדול לכניסת כרטיס זכרון ואפשרות חיבור usb"
   ,728902
1563,יעקב,2009-07-01,
   "רכשתי טלויזיה זו ב-28.6.09. משתמש בה בבית, מרחק צפיה מהטלויזיה כ-2.5 מטר.  התרשמות ביום: עיצוב מרשים מאוד, מסגרת דקה, נותן תחושב של מסך גדול יותר.  תמונה חיה מאוד. לפעמים נראה שהיא חיה מידי.  התרשמות בלילה: אין אף מקור אור שמפריע לצפות או תופס את תשומת הלב. אין תאורה אחורית או לדים אחרים שבוהקים פרט ללד לבן קטן שמציין את מצב הטלויזיה והוא לא מפריע כלל."
   ,731288
1564,Alex,2008-10-31,
   "כשקראתי ביקורות באינטרנט הכל היה נחמד. כתבו על הטלוויזיית LCD החדשה של X וכמעט שקניתי אותה עד שהגעתי וראיתי את ההבדלים בחנות בין לקרוא בבית, לבין לראות בחנות ממקורות וידאו שונים מה זה תכלס אומר במציאות.   כל ה "שחור אמיתי יותר מטלוויזיות LCD אחרות " הופרך תוך שנייה כשהבנתי, ש לשום LCD - כלל אין שחור והשחורים בכל ה LCD האחרות בשוק פשוט אפורים ומגעילים. אז שאלתי את המוכר למה לא פלאזמה בעצם. וכאן כבר נהיה מעניין.    כשהלכתי לראות והבנתי את ההבדלים..."
   ,597815
1565,יורם,2008-05-25,
   "עוד מסך איכותי של פנאסוניק.תמונה טובה בשידורי כבלים ויס,תמונה מצוינת בשידורי HD.בעיית ההשתקפויות כמעט ונפתרה והמסך אינו  מחזיר אור כבעבר.בין שלושת המסכים המומלצים ברמת המחיר הזו  למי שמעדיף פלזמה על LCD בעיקר לצפייה בשידורי הערוצים הרגילים.  המסך הוא למעשה מוניטור המיועד לצרכים תעשיתיים ואילו הדגמים  האמינים ביותר והעמידים ביותר של פנאסוניק.קנייה בטוחה ללא הימור."
   ,597815
1566,Romelle,2008-12-01,
   "קניתי את הטלויזיה לפני כחודשיים - שלושה (היום 1.12.08) במחיר זול מכאן. הטלויזיה משמשת אותי לשידורי הכבלים בעיקר, אני צופה ממרחק של כ3 מטרים והאיכות טובה, אבל אם מתקרבים טיפה יותר אפשר לראות כבר פיקסלים ומידי פעם מריחות / כתמי צבע כאלה בתנועות מהירות בסרט, יש לציין שקניתי את הכבלים האיכותיים יותר מאלה שהגיעו עם הטלויזיה שהם היו ממש על הפנים.  למי שמעוניין לראות בעיקר כדורגל שימשיך בחיפושים.  באופן כללי טלוזיה די טובה."
   ,594520
1567,רועי,2008-05-21,
   "קניתי אחרי בירורים רבים וצפייה בטלויזיות רבות בחנויות.  בטלויזיה הזאת ניתן לשלוט בצורת הצפייה בטלויזיה הרגילה של HOT ו-YES, כלומר אם תתבצע מתיחה, ZOOM, רגיל (פסים שחורים בצד המסך), ומתיחה חלקית (PANORAMA) שנותנת את המראה הטוב ביותר ע"י מתיחה יותר בצד. אין את הפונקציות הללו בכל הטלויזיות ובארץ זה ממש חשוב!    התמונה מאוד יפה ולא רואים פיקסלים. המסך עושה השקטה יפה מאוד.  צבעים ממש יפים.  אני רואה המון תכני HD 720P דרך הלפטופ, גם דרך חיבור ה-VGA..."
   ,594520
1568,טל,2007-04-24,
   "יתרון של פלאזמה על lcd  בכל הנוגע לשידורים של היום (תמונה חלקה יותר מ lcd )    רזולוציה 768*1024   בהירות 1200cd/m²  ניגודיות 1:10000  HDREADY -   כל הכניסות והיציאות החשובות לספקי כבלים , יציאות לחיבור למגבר יציאות למחשב בצד הפלאזמה ,    הקלטה מובנית במכשיר ,  פונקציית time-shift כלומר אתה יכול לחזור אחורה בסרט מהכבלים תוך כדי צפייה ( גימיק נחמד ושימושי).  למי שלא מקליט הרבה אפשר לוותר על מכשיר וידאו בסלון.  ניתן לשדרג את הדיסק הקשיח שנמצא..."
   ,471981
1569,חיים,2007-03-27,
   "מאיפה להתחיל.. בכנות - אחת הרכישות החכמות שביצעתי אי פעם.  זה מוצר LG הראשון שרכשתי ובוודאי לא האחרון.     אני לא מהפזיזים, חוות הדעת שלי מגיעה אחרי חצי שנה של הנאה מהטלוויזיה שלי ולקח לי לא מעט זמן והרבה שסרים עד שרכשתי.  לגופו של עניין את המפרט הטכני כבר יש לכם, כל שנותר לי להוסיף הוא שהתמונה במסך צלולה וחדה ופשוט תענוג לראות אפילו חדשות. גם ללא רמקולים של מערכת השמיעה דרכה נהדרת. יש לה יתרונות נוספים וייחודיים כמו הארד דיסק של 80 ג'יגה שמגיע..."
   ,471981
1570,עוזי,2009-03-25,
   "התמונה בשידורי טלווזיה (חיבור לממיר יס) גרועה. הסאונד גרוע ונשמע כמו מרמקולים ב-10 שקלים.  כל נסיונות הכיוון של הצבעים במסך לא הגיעו לרמה של פלזמת אחרת שיש לי בבית. התמונה נראית כאילו יש איפור כבד על פני השחקנים......."
   ,708310
1571,איציק,2009-08-04,
   "רכשתי טלוויזיה זו לי להורי, איכות התמונה גבוהה מאוד במיוחד בשידורי HD, איכות הסאונד לא גבוהה בלשון המעטה. לארח כשנה (ולאחר פקיעת האחריות) החלו תקלות רבות בטלוויזיה, בתחילה נעלם הסאונד, לאחר מכן היציאה של RCA החלה לשדר תמונה עם "רעשים" ובסוף הלך כרטיס המסך, התיקון עלה לי 1400 ש"ח, יש לציין כי אין לרכוש מוצר זה אם לא תקבלו לפחות 3 שנים אחריות, בחרה רצו 850 ש"ח לשנת אחריות!  יעש לציין כי גם בטלוויזה של הורי שנרכשה מס' חודשים לארח שאני רכשתי החלו..."
   ,719071
1572,zeev,2008-03-08,
   "LCD תוצרת יפן כבר אומרת הכול!!! ניראת יפה ומושכת גם שהיא כבויה!  יש לי אותה כשבועיים נמצאת בסלון אומנם בצל (עדיף לכל המסכים) אבל לפי כמה וכמה בדיקות לגבי התאורה (אור יום רגיל/חזק,אור פלורסנט,חושך)היא מתמודדת מצוין רואים ברור!!!  לגבי איכות התמונה, חייבים לכוון את הצבעים קודם ורק אחרי זה רואים תמונה ממש מצוינת אם זה בDVD ואם זה בשידורי T.V למרות השידור כאן בארץ שהוא 3:4 התמונה היא ניראת טיפה מתוחה-לשים על מצב FULL (לאחר כיונונים כמבון כולל כבלים..."
   ,593856
1573,נחמן,2007-12-30,
   "טלויזיה יפיפיה מבית שרפ. תוצרת יפן. תמונה מעולה חדות וצבעים מעולם אחר  מערכת קול מצוינת יחסית ל2 רמקולים כולל סראונד  קלה לתפעול תפריטים נוחים המון אפשרויות לכיוון. כל סוגי החיבורים הדרושים.  אין מה לבקש יותר מזה.  "
   ,593856
1574,רפי,2009-04-22,
   "קניתי את הטלויזיה לפני כחודש להורים שלי  הם מאוד מרוצים רואים מצוין  בלי שום תופעות שיש לשאר מסכי ה-LCD  רואים מצוין גם שיושבים בזוית מול המסך  פשוט חד וחלק.  "
   ,721285
1575,רועי,2009-04-14,
   "המסך ברשותי שבועיים ואני יכול לומר שעד עכשיו אני פשוט נהנה מהצפייה.  טלוויזיה איכותית עם חדות גבוה מאוד, צבעים יפים מאוד וכמובן היא FULL HD, שבשידורי HD זה פשוט מדהים מדהים.  שלט קצת מכוער, אבל מי משתמש בכלל בשלט שיש את של HOT.  נרכשה ב30.3.09    "
   ,721285
1576,חנניה,2008-01-19,
   "טלוויזיה מדהימה, לאחר שהשוויתי לטלויזיות LCD אחרות אין פשוט מה לומר. באתר של ראלקו הטלויזיה מתוארת כניגודיות של 1:1500 אולם מדובר בניגודיות סטטית של 1:2000 (ניתן לראות זאת כאן בזאפ ובאתר של שרפ באנגליה ובארה"ב (שם היא נקראת תחת קוד דגם אחר). לאחר זכיה במכרז טלויזיה, היעה לאחר שלושה ימים בלבד. התקנתה פשוטה. אתמול רכשתי סטרימר tvix 4100 בעזרתו חויתי את החויה המדהימה של High Definition 1080P מי שלא ראה את זה לא ראה טלויזיה מימיו. זמן התגובה של..."
   ,470106
1577,עופר,2007-09-18,
   "קיבלתי שני מסכים עם פיקסלים שרופים.   זמן הטיפול בתקלות 5 חודשים מיתוכם חודשיים ללא מסך.  פרוק והרכבת מסך תקול מהקיר על חשבוני   לבסוף ביטלתי את העיסקה וקיבלתי כספי חזרה.  המלצה למי שרכש: בידקו היטב שאין פיקסלים שרופים."
   ,470106
1578,דודו,2009-03-03,
   "הטלוויזיה פשוט מדהימה.  דיוק בצבעים : 10     רמת חדות : 10  כמות חיבורים : הכול חוץ מ SCART שזה חיבור יישן ולא רלוונטי, לממיר של הלוויין וכבלים יש מתאם, מומלץ לא לחסוך באיכות המתאם.  שלט נוח יפה ופשוט לתפעול.    צפיית סרטים או קבצי וידאו באיכות HD נראה פשוט מצוין , זהירות אחרי שרואים סרטים ב HD לראות סרטים באיכות רגילה זה מאוד מבאס.    הטלוויזיה בנוסף מחוברת למחשב וגם כאן האיכות ממש טובה ( למי שמחבר את הטלוויזיה למחשב, לקרוא את המדריך לפני )..."
   ,720212
1579,דניאל,2009-01-28,
   "לאחר סקר מקיף האם כדאי HD Full או  HD Ready ההחלטה נפלה על Ready .רכשתי אותה לפני כחודש. לפני הרכישה ראיתי אותה בבית של חבר  והתלהבתי מהאיכות המצויית. רואים בה מצויין גם בשידורים של הערוצים הישראליים. מומלץ מאוד!"
   ,720212
1580,Roy,2009-03-15,
   "כאחד שמחזיק גם טלוויזיה LCD של סמסונג 40 אינטש וגם מקרן קדמי מעולה - דעו לכם שאין על התמונה בפלזמה!  התמונה היפה ביותר, גם ממקור פשוט כמו הממיר של כבלים וגם ממקור HD כמו מחשב או נגן HD, היא של פלזמה! אין מריחות, חדות מעולה, אין בעיות של צל כמו ב-LCD, גווני עור טובים, אין ריבועים ופיקסליזציה - פשוט הנאה צרופה!    מה שכן כדאי לדעת הוא שלמרות שקניתי Full HD, ולמרות שאני צופה מדי פעם בחומרים ב-1080p, אין ממש צורך ב-Full HD במסך 50 אינטש, חומרים..."
   ,676927
1581,אהוד,2009-03-11,
   "מסך מצוין אחד מהטלויזיות הכי טובות שראיתי.  LCD עם מעבד תמונה 14ביט כמו של הפלזמות וממש מרגישים את זה בSD.  חוץ מזה האמביט זה ממש מגניב."
   ,711996
1582,מתי,2009-02-05,
   "טלויזיה מעולה  תמונה באיכות גבוהה ביותר  עיצוב מרשים  חדות וצבעים חיים  הפרדת צבעים מושלמת, ניגודיות גבוהה  התמונה חדה וברורה גם באיכות ורזולוציה נמוכה של כבלים אנלוגיים"
   ,711996
1583,Tomer,2009-03-12,
   "קניתי לפני חודש יש לי HOT HD רואים מצויין גם ערוצים רגילים רואים מעולה, עיצוב הכי יפה שיש היום ל - LCD אני רואה סרטים עם דיסק חיצוני וחיבור USB"
   ,703543
1584,Sagi,2008-07-28,
   "קניתי 42 LCD מומלץ ביותר המכשיר בעל נתונים מעולים קיבלתי את המכשיר לפני שבוע ואני לא מפסיק להתפעל ממנו  החיסרון היחיד וזה לא ממש משנה  היבואן הזול מבין שניהם נותן שלט עם כפתור volume ו-channel בסינית  "
   ,703543
1585,דני,2008-07-07,
   "חדות מקסימלית ממכשיר LCD צבע מושלם   עיצוב פשוט יפה   תמונה מושלמת בשידורי HD  ביקורות עולמיות לא בכדי  המחירים בחו"ל לא רחוקים "
   ,696591
1586,אייל,2008-05-20,
   "טלויזיה מדהימה, הפרדת צבעים מעולה, המון כניסות.  Full HD  קניתי אותה לפני שבוע ואני לא מפסיק לחייך!!!  עלות תועלת הכי טובה שיש בשוק כיום."
   ,696591
1587,LIOR,2010-01-10,
   "טלויזיה מדהימה שווה כל שקל. נראית מצויין ויזואלית על הקיר. שידורי SD ללא רבב, צבעים חמים ואין עיוותים. תמונה מצויינת לכל הדעות כולל אין סוף אפשרויות כיוון. כוללת כל סוגי החיבורים האפשריים כולל SCART,  הטלויזיה נקנתה לפני כחצי שנה מומלצת בטירוף."
   ,731222
1588,ido,2007-09-27,
   "טלוויזיה מעולה. בבית הרגשנו שידרוג יחסית לטושיבה 29" הישנה והאמינה. למרות שלא התקלקלה החלטנו שהגיע הזמן לצעוד קדימה.  זו הסיבה גם שבחרנו בטושיבה.  אין לנו מושג מה ההבדל בין 37A3000 ולבין 37C3000. אמרו לנו שההבדל הוא ביבואנים ושה-C יותר חדיש.    הרזולוציה מאפשרת לראות את המחשב באיכות טובה. כך אנו נהנים לצפות בתמונות, לקרוא כתבות ומתכונים באינטרנט , רדיו, משחקים וכו.  חיבורים מכל הסוגים.  לראות סרט ב-HD זה ממש מרשים באיכות.  התלייה על הקיר חוסכת..."
   ,582128
1589,רפאל,2007-09-27,
   " קניתי את הטלויזיה בחודש ספטמבר 2007  ,טלויזיה מעולה עיצוב נאה בעלת נתונים טובים  יחס ניגודיות     1366x768 ו  רזולוציה     500 וcd/m2  בהירות     178 ומעלות  זווית צפייה     6 וms  זמן תגובה.  איכות תמונה טובה מאוד נכון להיום ביחס לאחרים.  יושבת אצלי על הסטנד המקורי שלדעתי זה עדיף מלתלות על הקיר כי יש גישה נוחה לחיבורים מאחורה כולל ניקיון אבק , ניתן לסובב אותה ימינה או שמאלה .  טושיבה מותג ידוע בעל שם טוב.  עוד דברים שכדאי לשים לב בכלל..."
   ,582128
1590,דוד,2008-06-04,
   "רכשתי טלוויזיה זו  בחודש אפריל 2008 ואוכל רק לומר שאני מאוד מרוצה.תמונה חדה ,קול לא רע בכלל ,שטוחה וניראת כמו תמונה על הקיר , הפעלה קלה וידידותית ."
   ,679636
1591,Oren,2006-03-30,
   "מסך טוב למי שמחפש EDTV עם הכנה לHDTV   תמונה טובה מאוד בשידור DVD   התמודדות פחות טובה עם שידור ממיר דיגיטלי ועוד פחות עם שידור אנלוגי  בהשוואה לחו"ל עם שקלול המעמ מכס וכו - מסך יקר"
   ,375879
1592,amit,2006-03-24,
   "מסך מדהים - הנאה צרופה - אם כבר קונים ומשקיעים אז לכו על הטוב ביותר.  .גם המחיר הוא לא נורא אך יש לקחת בחשבון רכישת כבל COMPONENT לחיבור DVD וכבל SCART לחיבור לממיר של YES על מנת לקבל תמונה מושלמת. "
   ,375879
1593,תמיר,2008-03-25,
   "אצליכבר שנה ועובד מצויון!!  ובלי תקלות  מכשיר  מעולה ביחס למחיר ומה שהוא נותן  שווה כל שקל שווה לקנות    "
   ,578425
1594,גיל,2007-08-08,
   "מכשיר מעולה תמונה יפה וברורה שפופרת מסך של אל-גי אחריות לשלוש שנים עיצוב מדהים סאונד מעולה מכשיר פצצה    המכשיר מגיע עם רגל שנתנת לפרוק"
   ,578425
1595,רן,2009-12-31,
   "מוצר איכותי ביותר,בהחלט שווה את מחירו.  יש מכשירים הרבה פחות טובים שעולים הרבה יותר.  תמונה נקייה ומיוחדת במינה.מומלץ!!!"
   ,734524
1596,דניאל,2009-11-06,
   "הטלויזיה נרכשה ב 30 לאוקטובר 2009    הטלויזיה תוכננה כך שתראה יפה באולם התצוגה, אך לאחר צפיה ממושכת קל להבחין באיכות הירודה של התמונה.     התמונה סובלת מארטיפקטים רבים הנובעים ממעיבוד תמונה מאסיבי להפחתת רעש.    למרות שקבעתי במקלט שלי את הפחתת הרעש לאפס, עדיין יש עדות להפחתת רעש מוגזמת הגורמת לתמונה להיראות פלאסטית.    רמת התיכנות - הטלויזיה סובלת מהשהיה ארוכה ולא סבירה (מספר שניות) כתגובה ללחצני השלט    הפסקת חשמל גורמת לפרמטרים המועודפים שאני..."
   ,502890
1597,רוני,2009-06-27,
   "קניתי אותה ב 6/09    אני חייב לציין שהופתעתי מאיכות התמונה, רואים ממש מעולה.    איכות הפלסטיקה (מעטפת) באיכות ירודה מאוד בהשוואה למסכים מחברות המוכרות,  אני בכל אופן מבסוט עד עכשיו (אצלי שבועיים) טובה לחדר שינה.  "
   ,502890
1598,גל,2008-03-04,
   "קניתי אחרי סקר ארוך שעשיתי ואני מאוד מרוצה.     - הרמקולים ממוקמים בתחתית המסך ולא בצדדים,    כמעט ולא מורגשים, בלי פלסטיקים מיותרים..  - התאורה הכחולה שבתחתית המסך מוסיפה לעיצוב!  - איכות תמונה מצויינת (אפילו עם כבלים פשוטים) לעומת המתחרות.  - קיימים 2 חיבורים עיקריים צדדיים (HDMI ו- RCA)   ו- S-VIDIO לא שימושי.     ---------------  טיפ קטן לכל מי שמתכוון לקנות כבל חיבור למחשב -      כבל מסך כחול (RGB) ומתאם HDMI עושה יופי את העבודה,  אני..."
   ,578107
1599,גיא,2007-10-08,
   "הטלויזיה מתבלטת בעיצוב פנטסטי ומרשים, הצגת תמונה ברורה ברוב ערוצי טלויזיה דיגיטליים וקלות תפעולית. הטלויזיה נקנתה לפני כחודש וחצי ומחוברת לממיר דיגיטלי רגיל של ייס. בהשוואה לדגמים אחרים המוצאים בחנויות, טלויזיה זו בהחלט נמצאת באיתרון גדול.  "
   ,578107
1600,איציק,2007-11-02,
   "סוף הדרך בפלאזמות למרות הרזוליציה הנמוכה צפיה דרך ממיר יס  שנמצא בביתי תמונה מאוד מציאותית שתבינו יש לי בחדר של הבן הגדול שלי LCD של פיליפס 42  ואין מה להשוות בתמונות שמוציאה הפלזמה הזאת זה לאחר חודשים שחיפשתי טלויזיה שתקרין שידורים בארץ באיכות של הטלויזיות של פעם ויותר בלי מריחת צבעים"
   ,591050
1601,יובל,2008-01-07,
   "המחיר נמוך ומפתה   מהחנות ממש רדפו אחרי בכדי שאקנה את המכשיר הזה במחיר של כ 5000~ כולל התקנה ומתלה קיר. השרות שלהם מצויין.  ישנה טלווזיה של פרוסוניק שהיא למעשה אותו המכשיר בדיוק רק צבע שונה מעט.   שם חברה שונה על גבי אותו המוצר מבהיר את איכותו, זו הייתה הטעות ראשונה שלי בבחירה  עדיף להוסיף מעט כסף ולרדת באינצ'ים מאשר לקנות טלוויזיה זו!  איכות תמונה ב DVD עוד בסדר אבל כללית התמונה גרועה, נמרחת ומטושטשת!  "
   ,473522
1602,עומר,2007-12-08,
   "קניתי את המוצר לפני כ 3 חודשים   המוצר פשוט מעולה קלה לתפעול תפריט ההפעלה כולו בעברית ומובן מאוד כניסות מרובות לצפייה איכות צפייה מעולה פשוט קנייה מעולה .  "
   ,473522
1603,לירן,2008-09-03,
   "ארבעה חברים שלי לעבודה קנו כבר את הדגם הזה וכוללללם מרוצים.  יש לי את המסך כבר מספר חודשים, ולא היתה אף בעיה.    טלויזיה איכותית ביותר שעונה על הדרישות גם בהצגת תכני HD  (720P) וגם בהצגה של תכנים מממיר דיגיטלי רגיל ללא עיוותים  קשים מידי. לא בוהקת מידי ולא מסנוורת.  אצלי הטלויזיה מחוברת לממיר YES ולמחשב באמצעות כבל ה-VGA  הרגיל ותענוג לשחק עליה משחקי מחשב ואפילו לגלוש באינטרנט.   צפיה בסרטי HD בפורמט MKV היא ללא רבב.  המסך מעוצב יפה. ממש לא חסר..."
   ,703672
1604,יעיש,2008-07-18,
   "מוצר יפה ומראה חדשני תמונה מאוד יפה פנל שחור בסיס עגול  רכשתי 42 ואני מאוד מרוצא ההספקה היתה מידית בארזה לא היה שלט   אבל בסיחת טלפון העניין תוקן"
   ,703672
1605,gil,2008-01-06,
   "יחס מחיר תועלת הכי גבוה בשוק, הטלביזהיה לא מאכזבת בכלל, אייכות גבוהה במחיר סביר.  טלויזיה מצויינת , פתרון מצויין לכל סלון בייתי.  ."
   ,596088
1606,יונס,2008-09-21,
   "טלווזיה מעולה יפה ונותנת תמורה מלאה לכסף.  אפשר להיות מרוצה ממנה בקלות  . קניתי שתיים בטווח של חודשים בין כל קנייה ..   יתרונות:  מותחת את התמונה משתי הקצוות בשביל להפחחית עיבותים  עם תמונה חדה חדה  אולם הנגדיות לא גבוהה אבל ישנו מעבד מצויין שאפשר לשנות את הצבעים ורואים מצויין את החלקים החשוכים .  עיצוב אסתטי נקי ויפה  אפשרות לשליטה במכשרים נוספים של אותה חברה  חיבורי קול ובנננות בצד  יש חיבור VGA שאפשר לחבר מחשב מדיה סנטר.  תפריט קל ופשוט..."
   ,704401
1607,Itamar,2007-12-20,
   "נכנסנו לחנות כדי לקנות טלויזיה מפירמה מוכרת מאד. ברגע שראינו את ההבדלים באיכות בין הטלויזיות החלטנו על המקום לקנות טלויזיה מחברה שלא אנחנו ולא אף אחד ממכרינו שמע עליה.  אחרי חודש שימוש אני יכול לסכם - טלויזיה מצויינת. אנחנו לא מתחרטים לרגע על הבחירה!"
   ,576944
1608,מנחם,2009-03-18,
   "קיבלתי את הטלויזיה לפני 3 ימים .  היא יפהפיה, ה- SOUND והתמונה מצוינים. מחוברת בכבל RCA מקצועי שרכשתי מהמתקין(התנגדות 70 OHM) ומחוברת לרסיבר."
   ,710015
1609,רמי,2008-03-06,
   "קיבלתי את הטלוויזיה לפני מספר ימים.  הטלוויזיה מדהימה הן מבחינה חיצונית והן בצפייה.ניתן לצפות שעות ללא מאמץ לעיניים.    תמונה חדה מאד וטבעית.  סאונד מצויין.  חווית צפייה אמיתית.  צפיתי בlcd מחברות אחרות אצל מספר חברים - אין מה להשוות לסמסונג-ליגת על!!"
   ,576886
1610,מה,2007-07-16,
   "מתאים לאנשים עם סלון גדול, מערכת קולנוע, DVD (עדיפות לHD או BLUE RAY), אחרי בירורים רבים שנמשכו למעלה משנה(!) הבנתי שסמסונג עוקפת בסיבוב את סוני וטושיבה, על פיליפס ופנאסוניק וכל שאר החברות האלה בכלל אין מה לדבר. אם אתם לוקחים LCD כדאי סמסונג.  אם יש לכם אפשרות אני ממליץ לעבור לחברת יס כי סביר להניח שהם הראשונים שישדרו בHD וכבר עכשיו יש להם סרטים עם פורמט רחב שמתאים לטלויזיות כאלה, לHOT אין תמיכה בכלל בLCD ואם לא המעבד של סמסונג שמשפר את התמונה..."
   ,576886
1611,איל,2009-04-30,
   "רכשתי לאחר לבטים מתצוגה לפני כחודש, רהיט בעיצוב מדהים בסלון, תמורה שווה לכל אגורה שהושקעה. חומרים וגימור ברמה גבוהה מאוד, פלסטיקה יוצאת דופן מהמצופה ממוצר סיני.  רוצו לקנות..."
   ,691498
1612,אורן,2008-05-24,
   "קניתי את הטלויזיה לפני כשבוע והיא פשוט מעולה. ראשית היא נראית מצוין - רהיט יפה בסלון. מבחינת האיכות, אין לי מושג איך אחרות אבל זו חדה והצבעים מעולים. תפריט הטלויזיה ברור ופשוט ואין שום צורך לפתוח את חוברת ההוראות. יש המון מקומות לחיבורים מאחורה לכל מה שצריך כולל מחשב מערכת DVD ממיר וכל היתר.   בנוסף יש חיבור בצד לכל מה שמחברים לזמן קצר - מצלמה, מסרטה, אוזניות ועוד.   במחיר שלה לא מצאתי תמורה יותר טובה.   ועוד משהו על השירות - הזמנתי בטלפון..."
   ,691498
1613,נעמה,2007-12-20,
   "טלוויזיה נהדרת, קליטה מעולה לטלוויזיה ברמת המחירים הזאת, חיבור פשוט, נוחה להפעלה, עיצוב יפה ועדין, רהיט נאה לסלון -  מרוצה מאוד, המכשיר נרכש בנובמבר 2007 במכרז באינטרנט. "
   ,574133
1614,אלי,2007-11-07,
   "מדובר בטלויזיה מדהימה ביחס עלות תועלת!  בדקתי המון לפני שקניתי אותה (לא באינטרנט) וראיתי כבר כמעט כל טלויזיה 42" שיש בישראל (טוב אולי לא הכל)  היא בעיקר משמשת לצפיה בסרטי HD ברמה גבוהה מאד, ומחוברת לXBOX ונותנת תוצאות פשוט מדהימות, גם בסרטים וגם במשחקים.  הגודל אידיאלי לסלון, והיא פחות מסיבית ממה שרואים כאן בתמונה.  הסאונד טיפה מאכזב, אבל חיברתי אותה לרסיבר ועכשיו שומעים מדהים.  נותנת תוצאות טובות גם בטלויזיה (למרות שאני מחובר עם כבל אנטנה!..."
   ,574133
1615,eli,2009-04-23,
   "אמנם המוצר הוא זול ואיכות המסך טובה מאוד אך יש הרבה עיגולי פינות הן ברמת ההרכבה והן בגימורו הטכנולוגי של המוצר.מי שבעיקר יצפה בתשדירי כבלים או לווין יכול לשקול את הרכישה.מי שמתכוון לנצל את כל האופציות של המכשיר לדעתי עליו לשקול מכשיר אחר בתוספת 1000 ש"ח לפחות על מנת לקבל את אותה הרמה.  בעניין הרעש הבלתי נסבל: מי שבכוונתו להשתמש במערכת קולנוע ביתית לא יסבול מהרעשים של הרמקולים המובנים שכן אותם יכוון ל-0.ובסופו של דבר יהנה ממסך זול ואיכותי.בכל..."
   ,716332
1616,Boaz,2008-06-29,
   "רואים מצויין,יותר טוב מכל LCD או פלאזמה של מתחרים שבדקתי, גם שידורי ספורט רואים מדהים.  אולם יש בעיה של צריבת רפאים: IMAGE RETENTION (התופעה ידועה בשם צבירת תמונה, ולא צריבת תמונה). ברגע שהמסך על ערוץ לא מחובר ("ללא אות")  יש סימני צריבה של כל מה שצפיתי. אחרי שחוזרים לערוץ שמשדר זה נעלם. אצל היבואן חלק אמרו שזו בעיה בטלוויזיה, אולם שלחו לי טכנאי שאמר שזה תקין והתופעה מוכרת בדגם. אין לי מושג כי הטלוויזיה אצלי שבוע בלבד!  בגלל הבעיה אני מתלבט אם..."
   ,598028
1617,איתן,2008-05-17,
   "הסתובבתי בחמש חנויות וראיתי המון מסכים. לאחר התלבטות בין LCD לפלאזמה החלטתי ללכת על פלאזמה שעדיפה לצרכים שלי שהם דיוידי וטלויזיה דרך יס ובעיקר בגלל שאני רואה כדורגל וסרטים מהירים. ממה שקראתי החיסרון של פלאזמה זה בהשתקפות אבל למרות שיש לי הרבה אור בסלון זה לא מורגש.  בחרתי בדגם הזה כי 2 יציאות HDMI יספיקו לי לטלויזיה ודיוידי .  "
   ,590546
1618,יניב,2008-05-13,
   "המסך אצלי שבועיים  מחוברת ל- YES  פלזמה מעולה  רואים בה ממש כמו בתלת מימד זאת אומרת עומק בתמונה, מדהים.  המסך גם נראה טוב  אחלה תמונה הבנתי שזאת הפלזמה הנמכרת ביותר בארץ.  ממליץ בחום!!!    נ.ב לא להתפשר על כבלים איכותיים ולהזמין טכנאי לכיוונים זה שיפר לי את חדות התמונה ב-20%.     "
   ,590546
1619,עדי,2009-04-21,
   "טלויזיה טובה שמראה שאי אפשר לדעת ממש את איכות הטלויזיה ללא ממיר HD או בחיבור קומפוזיט. התמונה טובה בלי ממיר HD או בחיבור קומפוזיט (הבסיסי) אבל חבל שבחנויות ובפרסומים אף אחד לא מציין שאם אנחנו לא מתכוונים להצטרף לחבילת הHD או שללא רכישת כבלים איכותיים יותר - התמונה תהיה ברמה זהה ואף נחותה מטלויזיות שפורפרת רגילות (אולי בפלזמה זה אחרת).   כעקרון, הטלויזיה נוחה לתפעול והשלט ידידותי כמו גם התפריטים על המסך (בעברית דרך אגב).   התמונה לרוב טובה אך..."
   ,719742
1620,yaron10,2008-04-06,
   "טלוויזיה מאד מוצלחת ואמינה  לא זולה במיוחד אבל בחרתי באיכות  3 חיבורי HDMI  יציאות קדמיות של HDMI ו- S-VIDEO"
   ,678462
1621,גלעד,2008-03-01,
   "הטלויזיה אצלי כחודש. התמונה בעייתית במגוון רחב של סצנות ובעיקר החשוכות. קיימות מריחות בתנועות מהירות אך התופעה נסבלת. גם לאחר כוון כל פרמטרי התמונה קשה להגיע לאיכות טובה המתאימה לכל המצבים הקיימים כגון חדר מוחשך או מואר.כמו-כן התמונה אינה חדה מספיק ברב השידורים.  אני צופה דרך ממיר יס וחיבור פשוט של RCA. חשוב להבין שלטלויזיה אין חיבור SCART שנחשב לאיכותי יותר. איכות השמע טובה מאד כיאה לחברת Toshiba.  שידורי HD לא נבדקו.  לסיכום, אסור לשכוח שזו..."
   ,677192
1622,שי,2008-01-16,
   "יש לי את המכשיר כבר יומיים, קניתי אותו במחיר מעולה ב-9/1 והטלויזיה מ-ע-ו-ל-ה! רואים ממש טוב מהממיר, ודרך ה DV-400 שלי רואים אפילו עוד יותר טוב עם חיבור ה-HDMI!  עם קצת משחק בהגדרות המסך, התמונה נהיית חלקה ומאוד חדה וברורה, גם אם עומדים במרחק של מטר או קצת פחות.  הצבעים ברורים מאוד ולא דהויים ואין מריחה, גם לא בסצינות אקשן רוויות פעילות.  איכות השמע גם היא ראוייה לציון - הטלויזיה הקודמת שלי היתה מחוברת לרסיבר המחובר לרמקולים, ולאחר יום עם..."
   ,677192
1623,בועז,2009-11-23,
   "אין על המסך הזה. פשוט המסך הטוב ביותר שיש. טוב יותר לדעתי מה LED. כל משנכנס אלי הבייתה רוצה מסך כזה. כל מילה מיותרת! פשוט חוויה.    מי שקונה מסך כזה חייב ממיר HD.   "
   ,720013
1624,שגיא,2008-06-15,
   "טלוויזיה ברמה בינונית: התמונה לא הכי חדה,  הסאונד בינוני ומטה, הטלוויזיה לא מסתנכרת לשלט של יס וזה מעצבן.   הגודל מפצה על החסרונות ומספק חווית צפייה.  "
   ,676666
1625,אסף,2008-01-16,
   "טליויזיה יפה, רמקולים תחתוניים באיכות טובה אך לא בעוצמה גבוהה, פתרתי על ידי חיבור הממיר למערכת שמע. אין יציאות אלא רק כניסות,  כלומר לא ניתן להוציא וידיאו או סאונד כלפי חוץ.  בכל מקרה אין לי בבית DVD שתומך ב HD ואני מנוי כבלים אז אינני יודע את האיכויות הגלומות במכשיר שרכשתי.  אצלי רשום זמן תגובה 6.5 ולא 5 MS כפי שמופיע.  ניתן לכוון חדות ומאפייני מסך, ניתן לראות בעוצמת אור גבוהה המתאימה למקרים שיש אור בבית.  בגדול ממליץ לרכוש "
   ,676666
1626,שחר,2008-04-26,
   "קניתי לפני שבוע נקטע של ההקלטה וצפיה בזמן אמת מדהים אם פיספסת חלק (עד שעה אחורה) ניתן לחזור ולצפות ניתן להקליט כמו פעם שהיה וידאו אז באמת בשתי לחיצות אפשר לעשות את זה ממליץ רהיט בבית "
   ,599073
1627,daniel,2007-11-07,
   "תשמעו...זוהי ממש חוויה . טלוויזיה מהמשובחות שראיתי..פחדתי עד שראיתי את התמונה, ואז התברר שעשיתי קנייה מצויינת. תודה למי שהמליץ לי עליה ואני ממליץ בחום."
   ,596137
1628,עדי,2008-02-06,
   "קניתי את המסך לפני כחודש וחצי, ואין מה להגיד איכות מעולם אחר. תמונה חדה, צבעים מדהימים וגם הסאונד מעולה. למרות שעדיין לא חיברתי אותה למקור HD רואים הבדל משמעותי ממסכים אחרים באותה רמת מחיר. כמוכן החיבורים מאוד נוחים וגם העיצוב החיצוני מרשים.  הרבה פונקצות לשינוי התצוגה ובעיקר הפונקציה להעלמת שוליים והצגת התרגום (העלמת רק החלק העליון של השוליים) מצויינת."
   ,676475
1629,yoel,2008-05-02,
   "המוצר נרכש במאי 08.  עיצוב המסך נחמד, בצבע פיאנו שחור.  איכות שידורי HD מצויינת!  הטלויזיה עצמה קלה מאוד לתפעול וכיול, בנוסף יש את מנגנון שמכוון את תאורת המסך אוטומטית לתאורה בחדר וניתנת להגדרה.  בסך הכל מסך מצויין ביחס למחירו, ולא נופל ממתחריו!  שידורי כבלים נראים טוב, ערוץ 10 ו2 נראים טוב מאוד.    ציון 4.5"
   ,695306
1630,אופיר,2007-12-29,
   "קניתי לפני כחודשיים.  מרוצה מהקנייה.  מחכה ל- HD וכנראה שאעבור ל- YES, כיוון שב- HOT איכות השידור פחות טובה.  ההקלטה נוחה ברגע שמתרגלים ומאפשרת להקליט בנוחות קטעים או תכניות שאיננו מספיקים לראות - יותר קל מוידאו או DVD מקליט (יש לי את שניהם)."
   ,490577
1631,אבי,2007-03-12,
   "קנינו את הטלוויזיה לפני שבוע, ואני כבר מכור אליה...  ברגע שמתרגלים את כל האופציות- השימוש בה הופך לפשוט מאוד.    עניין ההקלטה (DVR) זה אחלה גימיק, אך אם אתם מנסים לחסוך בעלות- תמשיכו להקליט בוידאו.   אפשרות ההקלטה בטלוויזיה- נוחה מאוד . אין צורך בקלטות. פשוט מחליטים שרוצים משהו מוקלט- לוחצים על REC, או על הקלטה מראש, וצופים בזה אח"כ. מגניב לאללה.  הטלוויזיה נראית טוב מאוד (לרוכשים אשר מתעניינים בחיצוני ולא רק בפנימי..)- מעוצבת יפה. שחורה מבריקה..."
   ,490577
1632,גלעד,2009-09-07,
   "טלוויזיה מצוינת, לא הייתי צריך לכוון או להגדיר שום דבר, רואים מצוין ישר מהקופסא.  מאד התלבטתי איזו פלזמה לקנות, מהתחלה היה לי ברור שזה יהיה של סאמסונג אבל יש כל כך הרבה דגמים והבדלים.  בסוף ראיתי את ההדגם הזול יותר של הפלאזמה הזו, ההבדל הוא רק בכניסות ולא בצג. (ps42b430) ראיתי מצוין בחנות אבל היה לי חשוב שיהיו יותר כניסות HDMI בגלל זה לקחתי את הדגם הזה.   אצלי מחוברת למחשב ולסטרימר POPCORN HOUR A110  רואים סרטים בHD מצוין, ממש מדהים.  טלוויזיה..."
   ,732551
1633,zvi,2009-05-19,
   "פשוט בשתי מילים תמונה מעולה!!!!!!  טלויזיה ברמה גבוהה מאוד הן מבחינת תמונה והן מבחינת רמת סוג הטכנולגיה ממנה עשויה הטלויזיה.  הקידמה הגיע סוף סוף לארץ!!!!!!!"
   ,725960
1634,לימור,2009-05-01,
   "טלויזיה נפלאה!  הטלויזיה מחוברת לממיר רגיל של Yes בכבלים באיכות סבירה ועדיין מפיקה תמונה נפלאה!!!  כשרכשתי את הטלויזה התלבטתי בין הדגם הזה לדגם מסדרה 5500V.   לאחר שראיתי את שתי הטלויזיות ובעקבות המלצות שקראתי באינטרנט (בעיקר מחו"ל) החלטתי לההשקיע עוד 3000 ש"ח ולרכוש את הדגם הזה.   והתוצאה כאמור נפלאה. יש לי עוד שתי טלויזיות LCD בבית ובאף אחת לא מתקבלת תמונה המתקרבת באיכותה לטלויזיה הזאת.  לטלויזה המון פיטשרים נוספים שעדיין לא הספקתי לחקור."
   ,725960
1635,משה,2009-10-14,
   "טלויזיה פצצה יש לי אותה כבר חודש ואני כל פעם מורשם מכל האוציות שיש לי היא אכותית בעלת רזולציה טובה אבל החיבור למחשב לא משהוא"
   ,708866
1636,liron,2008-10-14,
   "רכשתיאת הטלויזיה ממש אתמול וכבר אני מרוצה ממנה, באמת אחלה של טלויזיה 42 אינצ' לחדר שינה יישמע קצת מוגזם אז אולי אני מפונק אבל זה לא גדול מידיי באמת שלא, איכות ממש טובה"
   ,708866
1637,מיכאל,2008-08-22,
   "טלויזיה יפיפיה בעלת עיצוב חדשני, התמונה חדה וברורה ואין ספק שהמוצר שווה את המחיר.  תמונה ברורה חדה ואיכותית !!!  בגדלים שכאלה - רק פלסמה !!!  "
   ,696114
1638,משה,2008-08-02,
   "ראשית אציין שלאחר בדיקות והשוואות במשך חודשים ארוכים הגעתי למסקנה שבגדלים האלו של 42 אינץ' - רק פלזמה.  חיפשתי טלויזיה פרקטית, כזו שיראו בה טוב דווקא שידורים רגילים כי זה מה שרואים 95% מהזמן והיא לא איכזבה, בלי מריחות ובלי קשקושים!  מותג חזק, מהממת על הקיר, נוחה ופשוטה לתפעול ממשק בעברית, נתונים מעולים, חויית צפייה מכל נקודה בסלון והוא לא חייב להיות ענק!  אצלי כחודשיים, אין בעיות עם כדורגל או סרטים, מריצה הכל בלי להתאמץ בכלל... לכו לקנות בשקט!"
   ,696114
1639,משה,2007-05-21,
   "זכיתי במכרז לפני כחודש.  לא ניתן לראות ברזולוציה טיבעית (NATIVE )  חמור מאוד: !!!!!!!  טובה למי שרוצה לראות טלוויזיה רגילה ו-DVD   מחשב ו-HIGH DEFINITION לא רואים טוב.  אני משתמש בחיבור VGA וזאת לאחר שראיתי שבחיבור דיגיטלי התמונה גרועה .  אין תשובה לבעיה   "
   ,502018
1640,מאיר,2007-03-26,
   "קניתי את הטלויזיה דרך מכרז והיום התקינו לי אותה לטעמי טלויזיה מצוינת .מאוד יפה תמונה מלאה וחדה {יחסית לLCD } איכות צבעים מעולה מגיעה עם מתקן לקיר {התקנה פשוטה } שווה את המחיר "
   ,502018
1641,ark,2008-05-03,
   "רכשתי את המוצר בפסח עם חששות מאחר וכמעט שאין פרסום לטלויזיה זו בשוק. הנתונים הטכניים הם שהכריעו את כף המאזניים. טלוויזיה מצויינת. רואים בה ברור וחד .  .  אני אמנם מחזיק אותה ברשותי רק  כחודש   אך ממליץ עליה בחום"
   ,594683
1642,זוהר,2008-02-21,
   "טלויזיה מדהימה  רואים מצויין בחיבור ל-HOT   מחיר מצויין ביחס לתמורה  אוכלת את רוב המתחרות - SAMSUNG, HITACHI, PANASONIC   "
   ,594683
1643,גיא,2008-02-29,
   "מסך מדהים, הטוב ביותר כיום למעט אולי פיוניר, מסידרת viera היוקרתית של פנסוניק.כל מילה מיותרת!    חווית צפיה שטרם נראתה בחיבור hdmi ל-יס או ל-ps3"
   ,591242
1644,נתן,2007-12-29,
   "רכשתי לאחרונה 2 טלוויזיות "50 של פנסוניק - PH9 ו- PV70, אין ספק שה-PV70 עדיפה משמעותית - כמיטב מסורת פנסוניק - הצבעים טבעיים מאד, הטלוויזיה היא האיכותית ביותר לרמת מחירה בשוק בארץ, ולשם שינוי, אינה רק מסך אלא כוללת רמקול ומבחר חיבורים."
   ,591242
1645,yaniv,2007-10-05,
   "התלבטתי בין דגם זה לבין הפנסוניק PV70 והחלטתי לקנות את הסמסונג מפני שבשידורים לא איכותיים היא ניצחה. בשידור איכותי ראו טוב יותר ב PV70 מהסמסונג אבל בשידור לא איכותי ראו ב PV70 זוועה (ליתר דיוק זוועת עולם) ומכיוון שאני חובב ספורט ורוב שידורי הספורט באיכות לא גבוהה, הפנסוניק לא רלוונטית עבורי והסמסונג בהחלט כן.  מרחק הצפיה הוא 4 מטר והחלטתי להתפנק עם מסך 50", זהו לדעתי הגודל האידיאלי.  "
   ,576884
1646,אייל,2007-07-11,
   "זוכה בקטגוריה של WHAT HI-FI לחודש יוני 2007.  תמונה עשירה בצבעים, פשוט יפה!  יחס תמורה למחיר לדעתי נהדר.  אל תחסכו בחיבורים."
   ,576884
1647,גל,2008-01-02,
   "ליגה אחרת  ללא ספק המסך הוא מהיקרים ביותר בשוק אבל בהחלט שווה   את הכסף מהחזות של הטלוזיה וכמובן איכות התמונה    כל החיבורים האפשריים כולל 1.3 HDMI    חיברנו את YES HD ונשאלת השאלה איך קראו לדבר הזה שראינו לפני ה-HD כי טלויזיה זה לא..."
   ,593565
1648,atara,2009-10-18,
   "היו לי ספקות כי הפירמה לא ידועה אך לא התאכזבתי - הקליטה פשוט מהממת חדה כמו תער . וזה מה שמצפים מטלביזיה !"
   ,724633
1649,zeev,2008-03-01,
   "המסך בשימוש 5 ימים ,משלוח והתקנה טובים,המסך נאה אך הצבעים לא מאוזנים,התמונה מאכזבת. הסאונד לא משהוא.נוחיות התפעול טובה."
   ,521344
1650,משה,2007-07-26,
   "מסך פצצה!!!  האייר עוד יתפוס חזק בארץ הקודש   וההוכחה היא שניופאן בחרו בו ורכשו את היבואן של האייר  מייטק   הובלה והתקנה חינם אפשרות תלייה (אני העדפתי על המזנון)  "
   ,521344
1651,Ziv,2007-02-25,
   "יש לי את ה-LCD כבר 10 חודשים מסך אחד הטובים ביותר בשוק למעט פיליפס שהמכשירים שלה טיפה איכותים יותר אבל יקרם מאוד, לעומת סמסונג שנותן תמורה טובה מאוד ביחס לכסף.  איכות תמונה מעולה, עד כדי כך שסוני אימצה את המסך לסידרת בראבה החדשה שלה.  סאונד טוב כולל מערכת סראונד פנימית לא רעה.  ניראת מיליון דולר ממש רהיט מיותר וחבל לתלות אותה על הקיר.  ניתן לסובב אותה ימינה ושמאלה עם המתקן השולחני.  מתאים לישיבה במרחק 2.5-3 מטר  חוויה של צפיה  ממליץ בחום"
   ,412429
1652,עידו,2006-12-03,
   "לסיכום, אפשר להגיד שעל אף האילוצים הטכניים בארץ (להלן החסרונות) הטלוויזיה באיכות טובה מאוד , היא מאוד אינטגרטיבית במערכות קולנוע ביתיות ברמה מומוצעת ומעלה, היא טיפה יקרה , אבל גם איכותית מאוד  ומומלצת ביותר "
   ,412429
1653,alex,2008-01-04,
   "טלויזיה מאוד נוחה בשימוש, לא דורשת כיוונו מיוחד כדי להגיע לתמונה טובה.  לא יצא לנו ( עדיין ) לראות רזולוציה HD, אבל שידורי HOT רגילים נראים ממש טוב.  המון כניסות שונות, שתי כניסות של HDMI.  חיברתי מכיש הקלטה ( ARCUSS ) דרך כניסת RCA צדדית - תמונה טובה ( לדעתי, לא מקצוען בתחום ), מעבר בין כניסות שונות מהיר, אינטואיטיבי ולא דורש כיוונון.  "
   ,593127
1654,יגאל,2007-12-06,
   "טלויזיה מדהימה באיכות התמונה ממקורות HD באיחוד בחיבור למחשב, תאימות NR מלאה בחיבור VGA וגם ב HDMI-DVI, יש פשוט אפשרות למצב PC שמבטל בלחיצת כפתור את כל הסריקה שגורמת לתמונה לא להראות טוב בחיבור למחשב ברוב הLCDs, צבעים מדהימים בסרטים וגם בתמונות, הרבה יותר טוב ממסך המחשב שלי, עדיף לחבר את הHDMI מהמחשב משום מה התמונה נמרחת פחות בסרטי אקשן, בטח המעבד יותר חזק בחיבור זה, מי שלא ראה סרט בHD פשוט נשאר פעור פה, ואפילו לא בסרטים של 1080P שזה בכלל חוויה..."
   ,593127
1655,שניר,2007-12-22,
   "יש לי את הטלוויזיה, והיא פשוט מעולה! אין מריחות כמו ב- LCD, תמונה חדה ואיכותית. היא נותנת את המקסימום איכות כאשר משתמשים בכבל Component מהממיר לטלוויזיה, וממיר של Doxis. את התנאים האלה יש לחברת HOT. פשוט מעולה זאת הקניה בין הטובות במסכי הפלזמה. פשוט תענוג.  הגודל של 42 אינטש מספיק בהחלט ומתאים בעיקר לסלון. אני חושב שהיא עדיפה בהרבה על LCD.    ממליץ בחום!"
   ,502268
1656,רובי,2007-06-16,
   "איני יודע, אולי זה רק אצלי. אם המצב ישתפר לאחר בוא המומחה- אעדכן."
   ,502268
1657,יקיר,2008-12-23,
   "קניתי את הטלויזיה במוצ"ש 20.12.08 אחרי בדיקות מעמיקות של חיפוש טלויזיה שהיא fullHD ובמחיר סביר ושל חברה שהיא מותג ולא סתם זולה.  הטלויזיה ממש יפה, האיכות של התמונה ממש מצויינת ותענוג לראות סרט על המסך הזה.בעז"ה אני יקנה מערכת קולנוע ביתי אבל גם בלי הווליום שלה ממש נקי ודי גבוה.  כמובן שיש טלויזיות יותר טובות ממנה אבל בשביל המחיר הנמוך היא שווה כל שקל!!!"
   ,681654
1658,sid,2008-02-15,
   "יופי של LCD ,מעולה בצפיית חומרי HD ,תמונה נהדרת,סאונד סראונד ייחודי, הטובה מסוגה,בעלת מערכת חכמה בחיישני אור."
   ,681654
1659,Meir,2007-06-21,
   "כאשר קניתי את הטלויזיה התבססתי על העובדה שברשותי טלויזיה רגילה של חברה זו ואיכות הצפיה בה מדהימהולכן היא גם היתה שווה את המחיר.  לאחר שימוש של חודש לערך אני יכול לומר כי:  התמונה "נמרחת" לעיתים ובמשטחים בעלי צבע אחיד ממש ניתן לראות את הפיקסלים.  איכות התמונה בשידורי טלויזיה רגילים די נמוכה ומאכזבת יחסית לשם של החברה ועלות הטלויזיה.  בדיעבד, לא הייתי מוציא סכום כסף זה עבור טלויזיה זו אלא רוכש אחת מהטלויזיות האחרות, חוסך כמה אלפי שקלים ונהנה..."
   ,36973
1660,מני,2008-10-18,
   "יש לי את המוצר קצת יותר משנה 9/2007 . נהנה מכל רגע של צפיה, רזולוציהגבוהה תמונה נקיה וסאונד מדהים. למי שצופה יותר בטלויזיה ופחות בDVD עדיף פלאזמה. ממליץ בחום!!!!"
   ,579935
1661,צחי,2006-02-01,
   "מוצר טוב יחסית למתחרים ובהשואה לרמות המחירים. מי שמעוניין בפלאסמה בגודל של 42 אינץ, ימצא כאן בהחלט בחירה מועדפת."
   ,304214
1662,עידן,2005-12-24,
   "ממליץ בחום לקנות!!!!  המוצר הטוב ביותר יחסית להמון דגמים שראיתי."
   ,304214
1663,אסף,2007-12-20,
   "טלוויזיה מעולה צבעים חדים וברורים ,   פונקציית ההקלטה עובדת מצוין ומקליטה באופן איכותי.  קלה ופשוטה לתפעול."
   ,595319
1664,איתי,2008-12-22,
   "תחילה אציין שמעולם לא חיברתי את הטלוויזיה הזו לאנטנה או ממיר כבלים/לויין, כך שאין לי מושג מה איכות התמונה שלה בתור מקלט טלוויזיה. השימוש שלי במכשיר הוא בתור מסך מחשב לצפייה בסרטים בלבד, דרך כניסת ה- HDMI.    בסך-הכל מדובר בטלוויזיה גדולה ויפהפיה, התמונה יפה, בהירה וברורה. עם זאת, יש בה מספר בעיות:  * לא קיים מצב של 1:1 (שבו פיקסל המשודר מהמחשב מתורגם לפיקסל אחד על המסך). התמונה מהמחשב מוגדלת אל מעבר לקצוות המסך, ויש לבצע כיוונון של כרטיס המסך..."
   ,691499
1665,גד,2008-05-17,
   "טלוויזית FULL HD LCD הנותנת את התמורה הגבוהה ביותר בשוק ביחס למחיר. נקודה. וזאת לאחר שבדקתי מס' דגמים מובילים. אל תתפתו לקנות מותגים רק בגלל ש"טוחנים" לכם את המח בפרסומות, חבל על הכסף.  אתם בטח שואלים מי זו KONKA ?- אז זהו שגם אני שאלתי עד שבמקרה ביקרתי במפעל שלהם בסין, פשוט מעצמה! היא החברה מס' 1 בסין לטלויזיות LCD!!!  תמונה חדה, צבעים מדהימים ("אמיתיים"), וגם הסאונד מעולה (למעט הבאס), עיצוב יפה, שלט איכותי, דקה באמת.   אחריות שלוש שנים! שווה..."
   ,691499
1666,ירון,2009-03-01,
   "מסך מעולה קיים אצלי כחצי שנה ואני נהנה מכל רגע.איכות התמונה מעולה והצבעים מרשימים במיוחד השחור.מחוברת אצלי לממיר hd של הוט ובערוצים הHigh Definition רואים פשוט מעולה ליגה אחרת."
   ,714378
1667,גיא,2009-02-19,
   "טלויזיה איכותית ברמה גבוהה מאוד.יש לי ממיר hd של Yes וממיר yes max , איכות תמונה מעולה וב - hd ממש ליגה אחרת .יש 3 חיבורי hd קומפונננט, vhs , rca  , מאחור וגם מלפנים ,יש חיבור לכרטיס sd .טלויזיה מרשימה באיכות ובגודל ממש חויית צפייה.   "
   ,714378
1668,אורן,2009-03-13,
   "טלויזיה איכותית ביותר ,ראות מעולה ביס ,חבל שאין מקדימה  חיבורים פופלרים כי מאחור יש הרבה מאוד  לא full hd "
   ,696469
1669,גבריאל,2008-06-03,
   "טלויזיה מהליגה הגבוהה של HDTV, הרבה פונקציות לעיצוב הצבעים, בהירות, חדות וכל מה שלא רוצים. עיצוב חיצוני יפה בצבע שחור מצופה לק. זולה יחסית לדגם חדש (יצא בנובמבר 2007 באירופה) וניגודיות גבוהה. בעלת חיבורים רבים מאחור אבל חסר חיבור אופטי למערכת רמקולים. אני בכל אופן מרוצה מאוד ממנה."
   ,696469
1670,רונית,2010-01-03,
   "קנינו רק השבוע  בינתיים הכל בסדר  טלוייזיה גדולה, יפה,  רואים בסדר (רק בסדר כי אין לנו עדיין דיגיטלי)  שלט גדול ונוח"
   ,740937
1671,דני,2009-05-27,
   "רכשתי את המכשיר מ"וואלה שופס" לפני שבועיים.  אנחנו צופים בטלביזיה באמצעות ממיר של HOT, באמצעות במחשב (חיבור rgb) ובאמצעות דיסק חיצוני אותו אנחנו מחברים לכניסת ה-usb (ניתן באמצעות חיבור זה לצפות בתמונות, להאזין למוסיקה ולצפות בסרטים).   איכות הצפיה טובה מאוד, התפריטים מאוד ידידותיים, נוחים וברורים."
   ,716876
1672,אבי,2009-03-20,
   "טלויזיה ברמה עם גימור איכותי  יחסית למתחרים אך מומלץ רק למי שמתכוון לנצל את כל הרזולוציה כמו צפייה דרך נגן  סרטים ברמה גבוהה או דרך מחשב עקב המחיר היחסית גבוה.  מי שמתכוון לראות בהוט או יס ערוצי טלויזיה רגילים- לא מומלץ, די מאכזב היות והטלויזיה לא בנוייה לרמה נמוכה כזו, יחסית לטלויזיה CRT.  בצפיה דרך מחשב ממש תענוג אמיתי.  בצפיה דרך ממיר הוט או יס ישן ממש לא מומלץ.  התקן ה USB ממש נחמד אם כי לא ממש משוכלל כמו למשל צפייה דרך נגן דיוידי, מכיוון..."
   ,716876
1673,עדי,2009-01-27,
   "טלויזיה מעולה ,ענקית ,קניתי לפני שבוע ,HD READY ,לא שווה לשלם עוד כ-3500  שח כדי לקבל FULL HD ,גם ככה לא תשתמשו בזה אם אין לכם נגן BLU RAY   רואים מעולה עם ממיר הרגיל של YES וגם בדיוידי ועוד עם חיבורי כבלים פשוטים,  סאונד מצויין  חדות תמונה מעולה ,מציע שתראו אותה בחנויות הגדולות מול חברות אחרות כך תדעו שזוהי הבחירה הטובה ביותר לכספכם."
   ,708867
1674,דניאל,2008-10-01,
   "פשוט WOW!!!  שווה כל שקל ממליץ עליה בחום אומנם שלי 42" אותו דגם בדיוק  אבל זה אותו דבר ואני נהנה איתה מכל רגע גם בSD וגם בHD  שבכלל מהמם!!!!  לא יקרה מיידי"
   ,708867
1675,אולג,2009-12-10,
   "רכשתי לפני כ-3 חודשים.מרוצה מהתמונה ,סאונד לא רעה .ממליץ על דגם הנ"ל.  חברה שהוכיחה את איכות מוצריה-SONY."
   ,734540
1676,אבירם,2008-12-31,
   "נרכשה לפני 4 חודשים בביג נשר ברשת אל"ם  מכשיר יפה המעוצב באלגנטיות  מערכת שמע לא משובחת לפי דעתי, אני ממשיך להשתמש בהגברה חיצונית המספקת איכות גבוהה בהרבה.  תמונה טובה מאוד יחסית למסכים אחרים בשוק, ערוצים רגילים נראים בהחלט טוב.  HD משובח במיוחד .  כניסות רבות בינהן 3 של HDMI ועוד רבות נוספות.  כניסת USB צידית המאפשרת שמיעת קובצי מוזיקה וצפיה בתמונות, חבל שאין אפשרות לצפות בקבצי ווידאו דרך כניסה זו.  הפעלה מהירה ופשוטה.  לסיכום בהחלט מומלצת למי..."
   ,708409
1677,אילן,2008-12-31,
   "יש לי את הטלויזיה כשבוע, לאחר חיפושים רבים ובדיקות החלטתי לקנות את הטלויזיה הזאות כיוון שיש לה את היכולת לשדר ב NATIVE RATE או 1:1 MEGA PIXEL למבנים שבנינו, יכולת התאמה אישית לצופה, מאוד נוח וקל לעבוד אם מחשב נייד (עדיף חיבור RGB או HDMI ) , קלה לתפעול, איכות קול סבירה    לסיכום:  למי שמחפש קנייה של טלויזיה איכותי אני ממליץ בחום לקנות את הדגם הזה.  "
   ,708409
1678,אייל,2008-03-09,
   "טלויזיה מעולה ,רואים חד וברור יותר טובה מכל השמות בפרסומות ,בדגם LC42TL פנל של מץ גרמניה תו תקן גרמני (מורכבת במזרח הרחוק).  לראות בחנות איך רואים בה עם חיבור כבלים ו DVD להתרשם ולקנות."
   ,678233
1679,יאיא,2009-02-27,
   "רכשתי את המוצר ב-23.02.09 והופתעתי מאיכויות המכשיר.   ההתקנה די פשוטה וקלה, יש אשף הגדרות שעוזר להגדיר את הטלויזיה בפעם הראשונה.   השלט נחמד ויחסית קל לשימוש, אם כי לפעמים קשה להבין מאיזה צד להחזיק אותו אבל בסוף זה מסתדר. היה אפשר להשקיע כאן עוד קצת ולעשות משהו יותר ארגונומי.   העיצוב הכללי של המכשיר לא רע בכלל, וזו אחת הסיבות שהעדפתי אותו על פני דגמים אחרים. מראה שחור ונקי, הכל מיושר.  זמן ההדלקה הוא בערך 5 שניות אם כי זה לא מפריע בכלל. יש..."
   ,708614
1680,eyal,2008-12-14,
   "קניתי ב12.12.2008  תמונה חלקה בשידורים מהמחשב - משחקים סרטים באיכות HD  המחשב מחובר בכבל DVI ל HDMI  אין לי כבלים - רק אנלוגי של הוט והתמונה לא רעה בכלל - ציפיתי לגרוע יותר  קניה טובה!    "
   ,708614
1681,ענת,2009-04-09,
   "רכשתי את הטלויזיה ב-1/4/09 התקינו לי את הטלויזיה בסלון  על הקיר, הטלויזיה מדהימה ביופיה, ממש תוספת לקישוט הסלון. המסגרת דקה ומבריקה מה שנותן תחושת גודל לטלויזיה, היא נראית גדולה יותר.  שמיעה חדה, תמונה יפה ברוב הערוצים.  קלה לתפעול.  בחרתי במוצר לאחר סקר שוק נרחב, בדקתי לפרטים את כל הנתונים, וחוצמזה טושיבה זה שם והייתי בטוחה שלא אתאכזב. ואני שמחה על הרכישה וממליצה למי שרוצה להנות מטלויזיה.  רכשתי גם כבל מהמתקין ואני לא יודעת כמה הוא חשוב, אבל..."
   ,717641
1682,farag,2009-04-04,
   "כמה שהמכשיר הזה מדהים בסלון שלי,איזו אווירה וחזות שונה משהייתה,כדאי לקנותה הרבה בגלל איך שהיא נראית,הרבה יותר מהסיבה המקורית לקנות טלוויזיה"
   ,717641
1683,אודי,2008-03-08,
   "טלויזיה טובה שווה את המחיר זכיתי בדגם הישן ושידרגתי לדגם הזה,                                                                    "
   ,599178
1684,אילן,2007-12-17,
   "טלביזיה שווה את המחיר רכשתי אותה מאולסייל דרך ספק פירלס הגיעה הלטביזיה תוך שמונה ימים ולא 14 יום אהבתי מאוד את חוויית הקניה"
   ,599178
1685,אדיר,2009-09-04,
   "רכשתי את המסך.מסך ברמת גימור מבריק יפיפה תמונה מאוד חדה צבעים ברורים שווה את המחיר ואין ספק שחווית צפיה אמיתית. שלט ידידותי ונח."
   ,720883
1686,משה,2009-08-24,
   "מעבר לכך שה SONY הזו נראית מצויין ורואים בה מעולה, החידוש הגדול הוא קישור DLNA . לטלוויזיה יש חיבור לרשת מחשבים LAN המאפשר, גישה לשרתים תומכי DLNA . אחד הישומים המעניינים הוא חיבור לכל מאגר המדיה שנמצא במחשב האישי של סרטים , תמונות ומוסיקה. ניתן להשתמש Windows media Player 11 או בתוכנה Twonkymedia לטובת הפעלת השרת. באמצעות ממשק XBR שיובא מה PS3 , ההגדרות בטלוויזיה הן פשוטות וכיפיות. יש כמה ישומים נחמדים עם קישור לאינטרנט ולRSS (אנגלית בלבד)..."
   ,725959
1687,איציק,2009-07-23,
   "לאחר בדיקה מקיפה ושיטוט באתרים המשווים דגמי HD, נבחרה הטלוויזיה הזו והתוצאה לא מאכזבת (הסדרה הזו נבחרה למוצלחת ביותר מבחינת איכות ונתונים). מחובר ללויין והאיכות ב-HD מרשימה ובשאר הערוצים רואים יחסית לא רע . התלבטתי אם להשקיע עוד 3000 ש"ח וללכת על הדגם W  (מאה הרץ ועוד אפליקציה לזרימת התנועה) אך המחיר מוגזם והתוספת לא הכרחית למי שלא יושב כל היום מול שידורי ספורט (אם כי הדגם היקר יותר אכן דורג כמעולה בהשוואה לטלוויזיות מאה הרץ אחרות שבהן התוספת..."
   ,725959
1688,אלכס,2009-03-31,
   "הנני ממליץ בחום! המוצר שווה כל שקל. המסך איכותי בעל תמונה טבעית  ברמה גבוהה !  תמונה יפה  גם בשידורים רגילים ובמיוחד ,במקרה שלי, בשידורים HD של HOT !  "
   ,597816
1689,tal,2008-05-29,
   "קודם כל נציין למען הסר ספק שמדובר במסך פלזמה ולא בטלוויזיה.  ז"א שהמכשיר לא כולל טיונר/מקלט פנימי מובנה  אלא שהוא מתוכנן להתחבר למקורות חיצוניים כגון ממיר , מחשב , DVD , וכו'..  המכשיר שייך לסדרת המוצרים המקצועיים של פנסוניק  ז"א שכהיותו מסך ולא טלויזיה הוא מתוכנן לשוק המקצועי והמסחרי ולאו דווקא לשוק הביתי, אבל זה לא אמור לשנות לרוב האנשים.    המסך מהסדרה המסחרית הוא מעט קטן יותר,  הוא בנוי עם מסגרת מינימלית , שמאפשרת לו בעקרון להיות מותקן גם..."
   ,597816
1690,חזי,2008-07-11,
   "מוצר מדהים טלויזיה באיכות יש רמקולים שאפשר לפרק ולתלות איפה שרוצים איכות תמונה טובהנ ביותר אין רעשים והשתקפויות "
   ,694692
1691,eli,2009-05-04,
   "ישנן הרבה חברות שמציעות מסכים שונים עם פרמטרים שונים מספרים ניגודיות בלה בלה בלה.....ואנו הצרכנים עושים השוואות קוראים סקרים חוות דעת ומחליטים.    היו אצלי ואף עדיין יש מסכים מחברות מובילות ודגמים מובילים מצויינים לא פחות מהפיליפס המדוברת.    רק כאשר הכנסתי פיליפס הביתה הבנתי את הבדלי הרמות בין המסכים ואני לא מדבר על איכות התצוגה,יש מסכים יקרים שעושים עבודה טובה יותר,אני מדבר על הממשק.ברגע שמדליקים את המסך ישר קולטים שיש משהו שונה.למה האייפון..."
   ,711739
1692,אלה,2010-01-10,
   "מוצר איכותי ביותר - קניתי לפני כשנה ונהנים ממנה עד היום.  המוצר שווה את מחירו. המלצה חמה לכולם לקנות את המוצר הזה!"
   ,734510
1693,איתי,2010-01-04,
   "טלוויזיה מוצלחת ביותר. קניתי לפני כמה חודשים ואני נאמן לטושיבה כבר שנים."
   ,734510
1694,דב,2008-11-29,
   "מסך איכותי ביותר מבית SONY. Full HD   2 כניסות HDMI  ניתן לצפות מקרוב ללא כל בעיה.  שלט ידידותי ונוח למשתמש.  TNT מובנה (עדיין לא בשימוש בארץ אבל יהיה בשימוש בעתיד)  לא להתפשר!!!  מומלץ מאוד."
   ,716061
1695,מושיקו,2009-05-13,
   "טלויזיה ממש מעולה איכות תמונה חדה וברורה   עדיפות לחבר אותה בכבל 21 פינים או s וידאו  האיכות המתקבלת היא מעולה  "
   ,713152
1696,יניב,2008-10-18,
   "טלויזיה מצויינת  איכות תמונה בשידורי YES מעולה  צבעים חדים ואיכות ללא פשרות  הדגם שקניתי cv-501p מכיל גם שני SCART    תמורה מצויינת לכסף ברמת מיחור זו."
   ,713152
1697,צחי,2008-11-20,
   " יש לי את הטלוויזיה בערך חודש ומהיום השני הופיעה תופעה שבזמן ההדלקה פתאום אין שמע  בכלל!! (לא בכל פעם).  טכנאי בא ורשם שצריך מכשיר חדש. כעבור שבוע הגיע טכנאי אחר החליף משהו בכרטיס והדליק את הטלוויזיה. הכל היה בסדר עד למחרת היום בו התופעה חזרה על עצמה!!  אני יודע על עוד אדם אחד  עם בעיה זהה!!  טלוויזיה זולה, רואים טוב אבל אסור להתחיל כך במיוחד כשזה בעיה שחוזרת על עצמה בעוד מכשירים!!"
   ,521053
1698,אילן,2009-04-02,
   "רכשתי את המוצר הזה לפני כשבועיים ולצערי אני ממש מאוכזב.  מוצר יקר מאוד ביחס לאחרים עם תמונה יפה מאוד בשידורי טלויזיה רגילים אך לא מאוזנת  שלט רחוק נוח ויחסית ברור  לא משנה מה עושים, יש כאילו איזה משהו לבן, עכור, שגורם לתמונה להיות בהירה מידי ולא ברורה  אחרי 15 דקות של צפייה העיניים מתעייפות וקשה מאוד לצפות בטלויזיה.  אם מבחינים טוב, ניתן לראות איזה צל בתרגום (אפילו כשמפעילים את התפריט של הטלויזיה) דבר שמוכיח שהבעיה היא במסך ולא ב DVD (ניסיתי..."
   ,725981
1699,רן,2007-02-06,
   "בטלוויזיה רואים לא רע אולם אחרי שנה וחודש הלך כרטיס המסך ועלות התיקון 1800 ש"ח.  החברה לא מוכנה לקחת אחריות מאחר והיא עברה לפני כחודש.  שורה תחתונה לא לקנות שום מוצר עם פחות משלוש שנות אחריות מלאה.  ברגע שמוכרים לך מוצר וטוענים ל 60000 שעות והמוצר הולך אחרי 1000 שעות משהו פגום בעסקה ותזהרו."
   ,137631
1700,אלכס,2005-11-10,
   "בסייכ המכשיר טוב תלוי בשידורים מספקי כבלים חשוב לדעת לחבר!!!  מומלץ תלוי מחיר"
   ,137631
1701,מיכאל,2009-02-24,
   "המוצר מעולה, תמונה ברורה ויפה, אפשרות לכוון באופן אוטומתי את צורת ההקרנה כך שתתאים לכל אחד על פי מאפייניו."
   ,711737
1702,יהודה,2009-02-12,
   "המכשיר משמש אותי בפינת ישיבה שבה המרחק למסך הוא כ- 3 מ'. התמונה טובה, ובשידורי HD ( דרך HOT ) התמונה פנטסטית.   למכשיר כמה תכונות ידידותיות, כמו למשל כיוונון אישי של המסך, והסאונד. כמו כן אפשרות לחבר USB עם תמונות או מוסיקה. כמו כן נתוני מסך טובים יחס ניגודיות 1:44000 וכן פנל HD משובח של פיליפס עם מעגל תיקון תמונה רציף, מה שמאפשר לקבל תמונה איכותית גם כשהשידור אינו ברמה אופטימלית.   בדקתי היטב את הדגמים בשוק והדגם הזה בהחלט נותן תמורה פנטסית..."
   ,711737
1703,עמנואל,2008-11-05,
   "טלויזייה מצויינת לדעתי לא נופלת מהסוני והטושיבה שיש לי בבית. עיצוב שחור מבריק, לד אדום עדין כשהטלוויזיה כבוייה וכחול כשהיא דלוקה. שתי כניסות hdmi. הפונקציית תמונה בתוך תמונה מוסיפה המון. במידה ורוצים שתי תחנות במקביל צריך להוסיף עוד ממיר (עוד לא ניסיתי - אולי בהמשך)."
   ,696779
1704,עופר,2009-12-29,
   "מאוד מפתיעה לטובה.  קניתי אותה ממישהו שזכה בה בפיס ללא הרבה ציפיות קודמות. חיפשתי משהו זול ומסך גדול כי יש לי מרחק צפיה גדול. ישנם מלא יתרונות שכרגע אינם בשימוש אצלי כמו FULL HD , PIP וכל החיבורים האפשריים מאחורה.   השמיעה בה לא מדהימה אך מתפקדת יפה לצפיה רגילה  של חדשות וטלויזיה( כמובן שלקולנוע ביתי יש צורך במערכת שמע נפרדת).  בקיצור , מאוד מרוצה, יחס עלות- תוצאה  מהגבוהים  שראיתי."
   ,740932
1705,נועם,2009-06-12,
   "טלויזיה טובה מאוד ,נקנתה כמתנה להורים שלי בפסח .  התלבטתי בין רכישה של דגם דומה של סמסונג שאזל במלאי ובסופו של דבר החלטתי ללכת על השארפ שעלתה קצת יותר .בסה"כ תמונה וסאונד טובים יש מספיק יציאות למרות שמרביתן אינן בשימוש במקרה שלי .  אחת הטלויזיות שעדיין מיוצרת ביפן (השלט מיוצר במלזיה משום מה) עיצוב מאוד יפה ,המסגרת הינה בגימור שחור מבריק מה שתופס אבק דיי מהר וגורם לפלורסנט בחדר להשתקף ,אבל כיום גם שאר היצרנים משתמשים  באותו גימור כך שאין הרבה..."
   ,716844
1706,H,2009-03-24,
   "טלוויזיה טובה. נמצאת אצלי כשלושה חודשים, ואני מבסוט. מעוצבת יפה, ומוצעת במחיר הגון מאד. צריך לזכור, ששארפ היא מובילה עולמית בפיתוח וייצור LCD -מעולם לא התעסקה בפלזמות."
   ,716844
